-- MySQL dump 10.13  Distrib 8.0.23, for Win64 (x86_64)
--
-- Host: localhost    Database: stock
-- ------------------------------------------------------
-- Server version	8.0.23

/*!40101 SET @OLD_CHARACTER_SET_CLIENT=@@CHARACTER_SET_CLIENT */;
/*!40101 SET @OLD_CHARACTER_SET_RESULTS=@@CHARACTER_SET_RESULTS */;
/*!40101 SET @OLD_COLLATION_CONNECTION=@@COLLATION_CONNECTION */;
/*!50503 SET NAMES utf8 */;
/*!40103 SET @OLD_TIME_ZONE=@@TIME_ZONE */;
/*!40103 SET TIME_ZONE='+00:00' */;
/*!40014 SET @OLD_UNIQUE_CHECKS=@@UNIQUE_CHECKS, UNIQUE_CHECKS=0 */;
/*!40014 SET @OLD_FOREIGN_KEY_CHECKS=@@FOREIGN_KEY_CHECKS, FOREIGN_KEY_CHECKS=0 */;
/*!40101 SET @OLD_SQL_MODE=@@SQL_MODE, SQL_MODE='NO_AUTO_VALUE_ON_ZERO' */;
/*!40111 SET @OLD_SQL_NOTES=@@SQL_NOTES, SQL_NOTES=0 */;

--
-- Table structure for table `accounts`
--

DROP TABLE IF EXISTS `accounts`;
/*!40101 SET @saved_cs_client     = @@character_set_client */;
/*!50503 SET character_set_client = utf8mb4 */;
CREATE TABLE `accounts` (
  `id` int NOT NULL AUTO_INCREMENT,
  `balance` decimal(20,2) NOT NULL DEFAULT '0.00',
  `users_id` int NOT NULL,
  `parent_accounts_id` int DEFAULT NULL,
  `account_type` enum('stock','futures') DEFAULT NULL,
  PRIMARY KEY (`id`),
  KEY `fk_accounts_users_idx` (`users_id`),
  KEY `fk_accounts_accounts1_idx` (`parent_accounts_id`),
  CONSTRAINT `fk_accounts_accounts1` FOREIGN KEY (`parent_accounts_id`) REFERENCES `accounts` (`id`),
  CONSTRAINT `fk_accounts_users` FOREIGN KEY (`users_id`) REFERENCES `users` (`id`)
) ENGINE=InnoDB AUTO_INCREMENT=501 DEFAULT CHARSET=utf8;
/*!40101 SET character_set_client = @saved_cs_client */;

--
-- Dumping data for table `accounts`
--

LOCK TABLES `accounts` WRITE;
/*!40000 ALTER TABLE `accounts` DISABLE KEYS */;
INSERT INTO `accounts` VALUES (1,40946.00,1,NULL,'futures'),(2,45175.00,2,NULL,'stock'),(3,71703.00,3,NULL,'stock'),(4,48703.00,4,NULL,'futures'),(5,86404.00,5,NULL,'futures'),(6,97685.00,6,NULL,'stock'),(7,24853.00,7,NULL,'futures'),(8,46272.00,8,NULL,'futures'),(9,72537.00,9,NULL,'stock'),(10,20658.00,10,NULL,'futures'),(11,90068.00,11,NULL,'stock'),(12,44568.00,12,NULL,'stock'),(13,37727.00,13,NULL,'stock'),(14,99830.00,14,NULL,'futures'),(15,62742.00,15,NULL,'stock'),(16,46363.00,16,NULL,'stock'),(17,65175.00,17,NULL,'futures'),(18,85416.00,18,NULL,'futures'),(19,37017.00,19,NULL,'stock'),(20,96323.00,20,NULL,'futures'),(21,63144.00,21,NULL,'stock'),(22,40721.00,22,NULL,'stock'),(23,23424.00,23,NULL,'stock'),(24,68900.00,24,NULL,'futures'),(25,86284.00,25,NULL,'futures'),(26,90867.00,26,NULL,'futures'),(27,86519.00,27,NULL,'futures'),(28,93074.00,28,NULL,'futures'),(29,22352.00,29,NULL,'futures'),(30,67199.00,30,NULL,'futures'),(31,65331.00,31,NULL,'stock'),(32,24603.00,32,NULL,'futures'),(33,30874.00,33,NULL,'futures'),(34,42291.00,34,NULL,'futures'),(35,72709.00,35,NULL,'futures'),(36,59212.00,36,NULL,'stock'),(37,49605.00,37,NULL,'stock'),(38,17439.00,38,NULL,'stock'),(39,26559.00,39,NULL,'futures'),(40,97623.00,40,NULL,'futures'),(41,65126.00,41,NULL,'stock'),(42,39506.00,42,NULL,'futures'),(43,85234.00,43,NULL,'stock'),(44,59036.00,44,NULL,'stock'),(45,52106.00,45,NULL,'stock'),(46,59980.00,46,NULL,'stock'),(47,53368.00,47,NULL,'futures'),(48,13646.00,48,NULL,'stock'),(49,66638.00,49,NULL,'stock'),(50,94708.00,50,NULL,'futures'),(51,17346.00,51,NULL,'stock'),(52,16363.00,52,NULL,'stock'),(53,79011.00,53,NULL,'futures'),(54,75521.00,54,NULL,'futures'),(55,97459.00,55,NULL,'futures'),(56,40045.00,56,NULL,'futures'),(57,91684.00,57,NULL,'stock'),(58,85596.00,58,NULL,'futures'),(59,64529.00,59,NULL,'stock'),(60,12233.00,60,NULL,'futures'),(61,32707.00,61,NULL,'stock'),(62,64833.00,62,NULL,'futures'),(63,26148.00,63,NULL,'futures'),(64,66232.00,64,NULL,'stock'),(65,88592.00,65,NULL,'stock'),(66,51949.00,66,NULL,'stock'),(67,19051.00,67,NULL,'stock'),(68,58336.00,68,NULL,'futures'),(69,89627.00,69,NULL,'stock'),(70,70403.00,70,NULL,'futures'),(71,81420.00,71,NULL,'stock'),(72,22071.00,72,NULL,'stock'),(73,81141.00,73,NULL,'stock'),(74,24965.00,74,NULL,'futures'),(75,64721.00,75,NULL,'futures'),(76,29669.00,76,NULL,'stock'),(77,83242.00,77,NULL,'futures'),(78,35969.00,78,NULL,'stock'),(79,40651.00,79,NULL,'stock'),(80,71148.00,80,NULL,'futures'),(81,16844.00,81,NULL,'stock'),(82,29456.00,82,NULL,'stock'),(83,82591.00,83,NULL,'futures'),(84,73318.00,84,NULL,'stock'),(85,31181.00,85,NULL,'stock'),(86,68269.00,86,NULL,'stock'),(87,91112.00,87,NULL,'stock'),(88,89196.00,88,NULL,'stock'),(89,63709.00,89,NULL,'stock'),(90,75024.00,90,NULL,'stock'),(91,51987.00,91,NULL,'stock'),(92,33532.00,92,NULL,'stock'),(93,14283.00,93,NULL,'stock'),(94,79790.00,94,NULL,'stock'),(95,56056.00,95,NULL,'futures'),(96,64420.00,96,NULL,'futures'),(97,57658.00,97,NULL,'stock'),(98,57018.00,98,NULL,'futures'),(99,34349.00,99,NULL,'futures'),(100,54421.00,100,200,'stock'),(101,86943.00,1,NULL,'futures'),(102,71008.00,2,NULL,'futures'),(103,48267.00,3,NULL,'stock'),(104,68123.00,4,NULL,'stock'),(105,45631.00,5,NULL,'futures'),(106,10387.00,6,NULL,'stock'),(107,30506.00,7,NULL,'futures'),(108,44881.00,8,NULL,'stock'),(109,59814.00,9,NULL,'futures'),(110,65403.00,10,10,'stock'),(111,53074.00,11,NULL,'stock'),(112,96354.00,12,NULL,'stock'),(113,27921.00,13,NULL,'futures'),(114,41889.00,14,NULL,'futures'),(115,10892.00,15,NULL,'stock'),(116,32948.00,16,NULL,'stock'),(117,87075.00,17,NULL,'futures'),(118,89561.00,18,NULL,'futures'),(119,29428.00,19,NULL,'stock'),(120,11950.00,20,20,'futures'),(121,48025.00,21,NULL,'futures'),(122,71710.00,22,NULL,'stock'),(123,87433.00,23,NULL,'stock'),(124,12424.00,24,NULL,'futures'),(125,75539.00,25,NULL,'futures'),(126,50373.00,26,NULL,'stock'),(127,50299.00,27,NULL,'stock'),(128,78533.00,28,NULL,'futures'),(129,41403.00,29,NULL,'stock'),(130,20385.00,30,30,'stock'),(131,96630.00,31,NULL,'futures'),(132,39082.00,32,NULL,'futures'),(133,80917.00,33,NULL,'futures'),(134,80633.00,34,NULL,'stock'),(135,39321.00,35,NULL,'futures'),(136,87601.00,36,NULL,'futures'),(137,83246.00,37,NULL,'futures'),(138,70214.00,38,NULL,'futures'),(139,69618.00,39,NULL,'stock'),(140,26387.00,40,40,'stock'),(141,12131.00,41,NULL,'stock'),(142,96433.00,42,NULL,'futures'),(143,80325.00,43,NULL,'stock'),(144,28515.00,44,NULL,'futures'),(145,36837.00,45,NULL,'futures'),(146,42815.00,46,NULL,'futures'),(147,33136.00,47,NULL,'stock'),(148,93467.00,48,NULL,'stock'),(149,19015.00,49,NULL,'futures'),(150,91731.00,50,50,'futures'),(151,77101.00,51,NULL,'stock'),(152,77490.00,52,NULL,'stock'),(153,32368.00,53,NULL,'futures'),(154,37440.00,54,NULL,'stock'),(155,30198.00,55,NULL,'stock'),(156,61678.00,56,NULL,'futures'),(157,54504.00,57,NULL,'stock'),(158,69146.00,58,NULL,'futures'),(159,17964.00,59,NULL,'futures'),(160,86327.00,60,60,'futures'),(161,19862.00,61,NULL,'stock'),(162,15705.00,62,NULL,'stock'),(163,70497.00,63,NULL,'stock'),(164,61184.00,64,NULL,'futures'),(165,90321.00,65,NULL,'futures'),(166,56612.00,66,NULL,'stock'),(167,98287.00,67,NULL,'futures'),(168,11567.00,68,NULL,'stock'),(169,35193.00,69,NULL,'stock'),(170,26124.00,70,70,'futures'),(171,26603.00,71,NULL,'stock'),(172,80913.00,72,NULL,'stock'),(173,96399.00,73,NULL,'stock'),(174,28141.00,74,NULL,'futures'),(175,63481.00,75,NULL,'futures'),(176,58028.00,76,NULL,'stock'),(177,13528.00,77,NULL,'futures'),(178,56864.00,78,NULL,'futures'),(179,93702.00,79,NULL,'stock'),(180,21003.00,80,80,'stock'),(181,89677.00,81,NULL,'futures'),(182,49925.00,82,NULL,'futures'),(183,85337.00,83,NULL,'stock'),(184,11686.00,84,NULL,'stock'),(185,34334.00,85,NULL,'futures'),(186,10743.00,86,NULL,'futures'),(187,98483.00,87,NULL,'futures'),(188,77967.00,88,NULL,'futures'),(189,42315.00,89,NULL,'futures'),(190,86236.00,90,90,'stock'),(191,21115.00,91,NULL,'stock'),(192,38896.00,92,NULL,'futures'),(193,53950.00,93,NULL,'stock'),(194,42387.00,94,NULL,'stock'),(195,91460.00,95,NULL,'futures'),(196,62525.00,96,NULL,'futures'),(197,75393.00,97,NULL,'stock'),(198,59977.00,98,NULL,'stock'),(199,65157.00,99,NULL,'stock'),(200,21085.00,100,100,'stock'),(201,48405.00,1,NULL,'futures'),(202,26949.00,2,NULL,'futures'),(203,16898.00,3,NULL,'futures'),(204,41078.00,4,NULL,'futures'),(205,23477.00,5,NULL,'futures'),(206,76017.00,6,NULL,'futures'),(207,33002.00,7,NULL,'stock'),(208,11718.00,8,NULL,'futures'),(209,78021.00,9,NULL,'stock'),(210,44208.00,10,10,'futures'),(211,89936.00,11,NULL,'stock'),(212,22774.00,12,NULL,'futures'),(213,77001.00,13,NULL,'stock'),(214,82619.00,14,NULL,'futures'),(215,89899.00,15,NULL,'stock'),(216,76880.00,16,NULL,'stock'),(217,98566.00,17,NULL,'stock'),(218,64577.00,18,NULL,'stock'),(219,26318.00,19,NULL,'futures'),(220,87413.00,20,20,'stock'),(221,34515.00,21,NULL,'futures'),(222,12528.00,22,NULL,'stock'),(223,67463.00,23,NULL,'stock'),(224,97427.00,24,NULL,'stock'),(225,25710.00,25,NULL,'stock'),(226,62878.00,26,NULL,'stock'),(227,86298.00,27,NULL,'stock'),(228,30763.00,28,NULL,'futures'),(229,37055.00,29,NULL,'futures'),(230,21682.00,30,30,'futures'),(231,40978.00,31,NULL,'stock'),(232,93943.00,32,NULL,'futures'),(233,74086.00,33,NULL,'stock'),(234,95348.00,34,NULL,'futures'),(235,11631.00,35,NULL,'stock'),(236,86757.00,36,NULL,'futures'),(237,62833.00,37,NULL,'futures'),(238,16051.00,38,NULL,'futures'),(239,42509.00,39,NULL,'futures'),(240,81193.00,40,40,'stock'),(241,14894.00,41,NULL,'futures'),(242,96469.00,42,NULL,'futures'),(243,29018.00,43,NULL,'futures'),(244,96414.00,44,NULL,'stock'),(245,28573.00,45,NULL,'futures'),(246,92390.00,46,NULL,'stock'),(247,56756.00,47,NULL,'futures'),(248,26031.00,48,NULL,'stock'),(249,13352.00,49,NULL,'futures'),(250,74295.00,50,50,'futures'),(251,17698.00,51,NULL,'futures'),(252,12306.00,52,NULL,'futures'),(253,23466.00,53,NULL,'futures'),(254,95429.00,54,NULL,'stock'),(255,71956.00,55,NULL,'futures'),(256,49151.00,56,NULL,'futures'),(257,98535.00,57,NULL,'stock'),(258,30325.00,58,NULL,'stock'),(259,24982.00,59,NULL,'futures'),(260,31543.00,60,60,'futures'),(261,45022.00,61,NULL,'futures'),(262,40309.00,62,NULL,'futures'),(263,93395.00,63,NULL,'futures'),(264,74456.00,64,NULL,'stock'),(265,37396.00,65,NULL,'futures'),(266,41519.00,66,NULL,'stock'),(267,28460.00,67,NULL,'futures'),(268,38706.00,68,NULL,'futures'),(269,58804.00,69,NULL,'stock'),(270,62667.00,70,70,'futures'),(271,31708.00,71,NULL,'futures'),(272,93068.00,72,NULL,'futures'),(273,41049.00,73,NULL,'stock'),(274,94618.00,74,NULL,'futures'),(275,72870.00,75,NULL,'stock'),(276,57935.00,76,NULL,'stock'),(277,92621.00,77,NULL,'futures'),(278,78046.00,78,NULL,'stock'),(279,54783.00,79,NULL,'stock'),(280,65110.00,80,80,'stock'),(281,98509.00,81,NULL,'stock'),(282,14909.00,82,NULL,'stock'),(283,57090.00,83,NULL,'stock'),(284,89783.00,84,NULL,'stock'),(285,34616.00,85,NULL,'stock'),(286,11802.00,86,NULL,'futures'),(287,26734.00,87,NULL,'stock'),(288,37820.00,88,NULL,'futures'),(289,63206.00,89,NULL,'futures'),(290,95621.00,90,90,'futures'),(291,60465.00,91,NULL,'futures'),(292,93709.00,92,NULL,'futures'),(293,81438.00,93,NULL,'futures'),(294,47896.00,94,NULL,'futures'),(295,99858.00,95,NULL,'futures'),(296,93043.00,96,NULL,'futures'),(297,31875.00,97,NULL,'futures'),(298,94704.00,98,NULL,'futures'),(299,87356.00,99,NULL,'stock'),(300,59545.00,100,100,'futures'),(301,91388.00,1,NULL,'futures'),(302,48650.00,2,NULL,'futures'),(303,69462.00,3,NULL,'stock'),(304,35104.00,4,NULL,'stock'),(305,22702.00,5,NULL,'stock'),(306,47338.00,6,NULL,'stock'),(307,35323.00,7,NULL,'futures'),(308,82519.00,8,NULL,'futures'),(309,36772.00,9,NULL,'futures'),(310,55909.00,10,10,'futures'),(311,54976.00,11,NULL,'futures'),(312,96736.00,12,NULL,'futures'),(313,97151.00,13,NULL,'futures'),(314,83254.00,14,NULL,'futures'),(315,94079.00,15,NULL,'stock'),(316,16448.00,16,NULL,'futures'),(317,53067.00,17,NULL,'futures'),(318,62779.00,18,NULL,'futures'),(319,37330.00,19,NULL,'futures'),(320,19677.00,20,20,'stock'),(321,96741.00,21,NULL,'futures'),(322,27430.00,22,NULL,'stock'),(323,47481.00,23,NULL,'futures'),(324,67566.00,24,NULL,'futures'),(325,55579.00,25,NULL,'stock'),(326,10317.00,26,NULL,'futures'),(327,76160.00,27,NULL,'futures'),(328,93813.00,28,NULL,'stock'),(329,14587.00,29,NULL,'futures'),(330,14894.00,30,30,'stock'),(331,63065.00,31,NULL,'stock'),(332,19107.00,32,NULL,'stock'),(333,35515.00,33,NULL,'futures'),(334,21278.00,34,NULL,'stock'),(335,61205.00,35,NULL,'stock'),(336,14569.00,36,NULL,'stock'),(337,48080.00,37,NULL,'stock'),(338,61908.00,38,NULL,'stock'),(339,79967.00,39,NULL,'stock'),(340,49133.00,40,40,'futures'),(341,48337.00,41,NULL,'stock'),(342,88753.00,42,NULL,'stock'),(343,40053.00,43,NULL,'futures'),(344,53928.00,44,NULL,'stock'),(345,74240.00,45,NULL,'stock'),(346,12465.00,46,NULL,'futures'),(347,83018.00,47,NULL,'futures'),(348,74775.00,48,NULL,'stock'),(349,58556.00,49,NULL,'futures'),(350,93030.00,50,50,'futures'),(351,86662.00,51,NULL,'futures'),(352,67530.00,52,NULL,'stock'),(353,35352.00,53,NULL,'futures'),(354,20547.00,54,NULL,'futures'),(355,42601.00,55,NULL,'stock'),(356,63633.00,56,NULL,'futures'),(357,68249.00,57,NULL,'futures'),(358,14578.00,58,NULL,'stock'),(359,10174.00,59,NULL,'futures'),(360,28702.00,60,60,'stock'),(361,81129.00,61,NULL,'futures'),(362,86977.00,62,NULL,'futures'),(363,38423.00,63,NULL,'futures'),(364,20227.00,64,NULL,'futures'),(365,69717.00,65,NULL,'futures'),(366,37157.00,66,NULL,'futures'),(367,59065.00,67,NULL,'futures'),(368,47166.00,68,NULL,'stock'),(369,83745.00,69,NULL,'stock'),(370,76391.00,70,70,'futures'),(371,32335.00,71,NULL,'stock'),(372,32541.00,72,NULL,'futures'),(373,17401.00,73,NULL,'stock'),(374,26584.00,74,NULL,'stock'),(375,68086.00,75,NULL,'stock'),(376,72987.00,76,NULL,'stock'),(377,60007.00,77,NULL,'futures'),(378,59855.00,78,NULL,'futures'),(379,40888.00,79,NULL,'stock'),(380,35640.00,80,80,'futures'),(381,11562.00,81,NULL,'futures'),(382,26966.00,82,NULL,'stock'),(383,10552.00,83,NULL,'stock'),(384,14304.00,84,NULL,'stock'),(385,62221.00,85,NULL,'stock'),(386,68793.00,86,NULL,'stock'),(387,25348.00,87,NULL,'futures'),(388,40697.00,88,NULL,'stock'),(389,20899.00,89,NULL,'futures'),(390,58383.00,90,90,'futures'),(391,49837.00,91,NULL,'futures'),(392,24018.00,92,NULL,'stock'),(393,37569.00,93,NULL,'futures'),(394,37364.00,94,NULL,'stock'),(395,63335.00,95,NULL,'futures'),(396,88145.00,96,NULL,'futures'),(397,45508.00,97,NULL,'stock'),(398,33893.00,98,NULL,'stock'),(399,31620.00,99,NULL,'futures'),(400,67480.00,100,100,'futures'),(401,65183.00,1,NULL,'futures'),(402,31375.00,2,NULL,'futures'),(403,86088.00,3,NULL,'stock'),(404,37239.00,4,NULL,'stock'),(405,98922.00,5,NULL,'stock'),(406,12630.00,6,NULL,'stock'),(407,74851.00,7,NULL,'futures'),(408,70088.00,8,NULL,'futures'),(409,69431.00,9,NULL,'futures'),(410,61808.00,10,10,'futures'),(411,14065.00,11,NULL,'stock'),(412,28405.00,12,NULL,'futures'),(413,57529.00,13,NULL,'futures'),(414,76611.00,14,NULL,'stock'),(415,88298.00,15,NULL,'stock'),(416,76918.00,16,NULL,'stock'),(417,24649.00,17,NULL,'futures'),(418,62068.00,18,NULL,'stock'),(419,91944.00,19,NULL,'stock'),(420,11624.00,20,20,'stock'),(421,88041.00,21,NULL,'stock'),(422,99094.00,22,NULL,'stock'),(423,34139.00,23,NULL,'stock'),(424,64221.00,24,NULL,'futures'),(425,10722.00,25,NULL,'futures'),(426,31229.00,26,NULL,'stock'),(427,81231.00,27,NULL,'stock'),(428,78281.00,28,NULL,'futures'),(429,14298.00,29,NULL,'stock'),(430,59635.00,30,30,'futures'),(431,56865.00,31,NULL,'stock'),(432,30936.00,32,NULL,'stock'),(433,92456.00,33,NULL,'stock'),(434,91260.00,34,NULL,'futures'),(435,42768.00,35,NULL,'stock'),(436,11944.00,36,NULL,'futures'),(437,97949.00,37,NULL,'futures'),(438,23760.00,38,NULL,'stock'),(439,41638.00,39,NULL,'stock'),(440,89707.00,40,40,'stock'),(441,83585.00,41,NULL,'stock'),(442,41936.00,42,NULL,'futures'),(443,71486.00,43,NULL,'futures'),(444,84680.00,44,NULL,'stock'),(445,18271.00,45,NULL,'futures'),(446,48616.00,46,NULL,'futures'),(447,80336.00,47,NULL,'stock'),(448,74850.00,48,NULL,'futures'),(449,25152.00,49,NULL,'futures'),(450,11331.00,50,50,'stock'),(451,51902.00,51,NULL,'futures'),(452,14196.00,52,NULL,'futures'),(453,20911.00,53,NULL,'stock'),(454,80790.00,54,NULL,'stock'),(455,20743.00,55,NULL,'futures'),(456,24929.00,56,NULL,'futures'),(457,66169.00,57,NULL,'futures'),(458,82945.00,58,NULL,'stock'),(459,71706.00,59,NULL,'futures'),(460,19880.00,60,60,'stock'),(461,86788.00,61,NULL,'stock'),(462,58974.00,62,NULL,'futures'),(463,14034.00,63,NULL,'futures'),(464,89694.00,64,NULL,'stock'),(465,34808.00,65,NULL,'futures'),(466,84575.00,66,NULL,'stock'),(467,63112.00,67,NULL,'futures'),(468,59838.00,68,NULL,'stock'),(469,75731.00,69,NULL,'stock'),(470,52636.00,70,70,'futures'),(471,54400.00,71,NULL,'stock'),(472,23229.00,72,NULL,'stock'),(473,33325.00,73,NULL,'stock'),(474,54181.00,74,NULL,'stock'),(475,75314.00,75,NULL,'futures'),(476,89938.00,76,NULL,'stock'),(477,27681.00,77,NULL,'stock'),(478,60814.00,78,NULL,'futures'),(479,81665.00,79,NULL,'futures'),(480,24698.00,80,80,'futures'),(481,37136.00,81,NULL,'futures'),(482,70238.00,82,NULL,'futures'),(483,58047.00,83,NULL,'stock'),(484,41682.00,84,NULL,'futures'),(485,73764.00,85,NULL,'futures'),(486,91963.00,86,NULL,'stock'),(487,63451.00,87,NULL,'futures'),(488,11651.00,88,NULL,'stock'),(489,84765.00,89,NULL,'stock'),(490,62751.00,90,90,'stock'),(491,87099.00,91,NULL,'futures'),(492,41695.00,92,NULL,'stock'),(493,88903.00,93,NULL,'stock'),(494,72441.00,94,NULL,'stock'),(495,95766.00,95,NULL,'stock'),(496,50261.00,96,NULL,'futures'),(497,33950.00,97,NULL,'futures'),(498,90079.00,98,NULL,'stock'),(499,81430.00,99,NULL,'futures'),(500,73576.00,100,100,'futures');
/*!40000 ALTER TABLE `accounts` ENABLE KEYS */;
UNLOCK TABLES;

--
-- Table structure for table `accounts_futures`
--

DROP TABLE IF EXISTS `accounts_futures`;
/*!40101 SET @saved_cs_client     = @@character_set_client */;
/*!50503 SET character_set_client = utf8mb4 */;
CREATE TABLE `accounts_futures` (
  `accounts_id` int NOT NULL,
  `futures_id` int NOT NULL,
  `amount` varchar(45) NOT NULL,
  PRIMARY KEY (`accounts_id`,`futures_id`),
  KEY `fk_accounts_futures_accounts1_idx` (`accounts_id`),
  KEY `fk_accounts_futures_futures1_idx` (`futures_id`),
  CONSTRAINT `fk_accounts_futures_accounts1` FOREIGN KEY (`accounts_id`) REFERENCES `accounts` (`id`),
  CONSTRAINT `fk_accounts_futures_futures1` FOREIGN KEY (`futures_id`) REFERENCES `futures` (`id`)
) ENGINE=InnoDB DEFAULT CHARSET=utf8;
/*!40101 SET character_set_client = @saved_cs_client */;

--
-- Dumping data for table `accounts_futures`
--

LOCK TABLES `accounts_futures` WRITE;
/*!40000 ALTER TABLE `accounts_futures` DISABLE KEYS */;
INSERT INTO `accounts_futures` VALUES (1,1,'55'),(2,2,'78'),(3,3,'86'),(4,4,'10'),(5,5,'20'),(6,6,'54'),(7,7,'48'),(8,8,'84'),(9,9,'78'),(10,10,'85'),(11,11,'85'),(12,12,'61'),(13,13,'18'),(14,14,'47'),(15,15,'4'),(16,16,'73'),(17,17,'26'),(18,18,'48'),(19,19,'40'),(20,20,'96'),(21,21,'60'),(22,22,'11'),(23,23,'55'),(24,24,'69'),(25,25,'70'),(26,26,'63'),(27,27,'95'),(28,28,'26'),(29,29,'44'),(30,30,'29'),(31,1,'20'),(32,2,'33'),(33,3,'99'),(34,4,'46'),(35,5,'31'),(36,6,'79'),(37,7,'31'),(38,8,'59'),(39,9,'88'),(40,10,'7'),(41,11,'53'),(42,12,'62'),(43,13,'97'),(44,14,'46'),(45,15,'9'),(46,16,'81'),(47,17,'87'),(48,18,'69'),(49,19,'87'),(50,20,'38'),(51,21,'65'),(52,22,'96'),(53,23,'60'),(54,24,'100'),(55,25,'67'),(56,26,'96'),(57,27,'77'),(58,28,'46'),(59,29,'79'),(60,30,'50'),(61,1,'4'),(62,2,'84'),(63,3,'48'),(64,4,'21'),(65,5,'67'),(66,6,'50'),(67,7,'9'),(68,8,'6'),(69,9,'7'),(70,10,'80'),(71,11,'63'),(72,12,'37'),(73,13,'78'),(74,14,'96'),(75,15,'17'),(76,16,'7'),(77,17,'34'),(78,18,'56'),(79,19,'34'),(80,20,'21'),(81,21,'54'),(82,22,'89'),(83,23,'19'),(84,24,'18'),(85,25,'73'),(86,26,'40'),(87,27,'93'),(88,28,'90'),(89,29,'92'),(90,30,'77'),(91,1,'98'),(92,2,'30'),(93,3,'14'),(94,4,'45'),(95,5,'9'),(96,6,'72'),(97,7,'32'),(98,8,'49'),(99,9,'17'),(100,10,'20');
/*!40000 ALTER TABLE `accounts_futures` ENABLE KEYS */;
UNLOCK TABLES;

--
-- Table structure for table `bond_prices`
--

DROP TABLE IF EXISTS `bond_prices`;
/*!40101 SET @saved_cs_client     = @@character_set_client */;
/*!50503 SET character_set_client = utf8mb4 */;
CREATE TABLE `bond_prices` (
  `id` int NOT NULL AUTO_INCREMENT,
  `bid` decimal(10,2) NOT NULL,
  `offer` decimal(10,2) NOT NULL,
  `datetime` datetime NOT NULL,
  `bonds_id` int NOT NULL,
  PRIMARY KEY (`id`),
  KEY `fk_bond_prices_bonds1_idx` (`bonds_id`),
  CONSTRAINT `fk_bond_prices_bonds1` FOREIGN KEY (`bonds_id`) REFERENCES `bonds` (`id`)
) ENGINE=InnoDB DEFAULT CHARSET=utf8;
/*!40101 SET character_set_client = @saved_cs_client */;

--
-- Dumping data for table `bond_prices`
--

LOCK TABLES `bond_prices` WRITE;
/*!40000 ALTER TABLE `bond_prices` DISABLE KEYS */;
/*!40000 ALTER TABLE `bond_prices` ENABLE KEYS */;
UNLOCK TABLES;

--
-- Table structure for table `bonds`
--

DROP TABLE IF EXISTS `bonds`;
/*!40101 SET @saved_cs_client     = @@character_set_client */;
/*!50503 SET character_set_client = utf8mb4 */;
CREATE TABLE `bonds` (
  `id` int NOT NULL AUTO_INCREMENT,
  `ticker` varchar(45) NOT NULL,
  `name` varchar(45) DEFAULT NULL,
  `currencies_id` int NOT NULL,
  `placement_date` date NOT NULL,
  `maturity date` date NOT NULL,
  PRIMARY KEY (`id`),
  KEY `fk_bonds_currencies1_idx` (`currencies_id`),
  CONSTRAINT `fk_bonds_currencies1` FOREIGN KEY (`currencies_id`) REFERENCES `currencies` (`id`)
) ENGINE=InnoDB AUTO_INCREMENT=9 DEFAULT CHARSET=utf8;
/*!40101 SET character_set_client = @saved_cs_client */;

--
-- Dumping data for table `bonds`
--

LOCK TABLES `bonds` WRITE;
/*!40000 ALTER TABLE `bonds` DISABLE KEYS */;
INSERT INTO `bonds` VALUES (1,'RU000A0Z','Company1',1,'2020-01-01','2023-01-01'),(2,'RU001A0Z','Company2',1,'2020-04-01','2023-03-01'),(3,'RU000A8Z','Company3',2,'2020-01-01','2023-01-01'),(4,'DE000A0Z','Company2',1,'2020-03-02','2023-12-01'),(5,'RU004A0Z','Company3',4,'2020-01-01','2023-01-02'),(6,'RU000A6Z','Company1',1,'2020-03-01','2023-11-01'),(7,'EN000A1Z','Company4',2,'2020-02-01','2023-01-01'),(8,'RU000A2Z','Company5',1,'2020-01-01','2023-11-06');
/*!40000 ALTER TABLE `bonds` ENABLE KEYS */;
UNLOCK TABLES;

--
-- Table structure for table `bonds_accounts`
--

DROP TABLE IF EXISTS `bonds_accounts`;
/*!40101 SET @saved_cs_client     = @@character_set_client */;
/*!50503 SET character_set_client = utf8mb4 */;
CREATE TABLE `bonds_accounts` (
  `accounts_id` int NOT NULL,
  `bonds_id` int NOT NULL,
  `amount` int NOT NULL,
  PRIMARY KEY (`accounts_id`,`bonds_id`),
  KEY `fk_bonds_accounts_accounts1_idx` (`accounts_id`),
  KEY `fk_bonds_accounts_bonds1_idx` (`bonds_id`),
  CONSTRAINT `fk_bonds_accounts_accounts1` FOREIGN KEY (`accounts_id`) REFERENCES `accounts` (`id`),
  CONSTRAINT `fk_bonds_accounts_bonds1` FOREIGN KEY (`bonds_id`) REFERENCES `bonds` (`id`)
) ENGINE=InnoDB DEFAULT CHARSET=utf8;
/*!40101 SET character_set_client = @saved_cs_client */;

--
-- Dumping data for table `bonds_accounts`
--

LOCK TABLES `bonds_accounts` WRITE;
/*!40000 ALTER TABLE `bonds_accounts` DISABLE KEYS */;
INSERT INTO `bonds_accounts` VALUES (2,5,95),(5,1,39),(11,1,28),(11,2,60),(13,2,21),(22,7,64),(22,8,81),(23,4,85),(25,4,93),(25,5,71),(35,7,43),(38,2,79),(40,1,6),(44,2,55),(45,6,44),(52,2,7),(52,5,94),(53,5,7),(53,6,89),(56,2,4),(57,5,63),(58,1,99),(59,5,50),(61,1,47),(65,1,87),(67,7,38),(69,4,69),(71,2,20),(73,1,28),(81,2,79),(84,1,88),(84,2,41),(86,5,76),(89,6,18),(91,8,35),(93,4,93),(94,1,60),(96,7,33),(98,5,60),(100,2,59),(103,1,36),(104,5,64),(106,3,65),(106,7,82),(107,7,7),(110,4,24),(117,2,27),(117,5,80),(120,2,16),(123,4,54),(124,1,66),(127,8,18),(128,3,88),(130,4,46),(130,5,3),(130,8,16),(133,1,67),(133,2,81),(133,6,36),(134,5,77),(135,7,44),(136,6,97),(138,6,12),(143,5,91),(147,5,92),(148,8,40),(151,1,92),(151,4,16),(156,5,72),(158,3,89),(162,4,72),(163,6,39),(164,6,51),(173,4,20),(177,2,38),(177,7,26),(180,3,61),(183,2,12),(183,6,72),(190,7,36),(192,8,29),(194,5,21),(198,7,25),(200,8,90),(202,1,23),(202,7,54),(206,3,1),(209,3,28),(211,4,63),(219,1,45),(219,7,90),(220,1,17),(220,2,1),(220,7,62),(225,8,39),(228,1,43),(232,1,52),(232,7,92),(237,6,44),(239,7,52),(243,3,23),(245,2,6),(246,6,77),(249,2,3),(251,1,64),(253,5,29),(253,6,66),(258,7,65),(263,8,11),(265,1,63),(266,3,68),(268,2,7),(269,1,24),(269,8,8),(270,7,68),(271,2,22),(274,3,61),(278,1,75),(284,4,7),(289,1,48),(291,5,98),(292,1,89),(295,3,28),(302,5,49),(313,3,22),(313,8,47),(315,1,41),(316,1,69),(321,8,57),(323,7,52),(324,3,51),(326,8,6),(327,7,30),(330,2,83),(331,8,52),(333,7,58),(335,7,7),(336,1,14),(338,8,44),(341,8,45),(344,5,96),(346,5,46),(347,2,87),(347,3,65),(350,1,61),(351,8,16),(352,8,65),(354,1,79),(363,8,5),(365,4,75),(365,5,27),(369,6,16),(371,7,81),(379,1,92),(379,4,73),(379,7,67),(387,1,76),(388,2,30),(390,6,91),(392,6,32),(395,5,5),(401,1,3),(403,4,5),(403,6,2),(408,2,75),(408,3,54),(409,2,29),(410,8,56),(414,5,39),(417,1,67),(418,8,57),(429,2,80),(430,7,95),(433,6,57),(437,1,65),(438,6,87),(439,2,11),(447,7,64),(448,8,99),(450,8,37),(460,1,79),(460,2,42),(461,8,45),(464,1,71),(464,4,6),(466,6,72),(467,2,81),(468,8,68),(469,7,0),(470,7,88),(470,8,43),(472,2,36),(483,1,74),(486,7,29),(486,8,54),(491,1,78),(494,6,73),(494,7,39),(496,5,59),(498,8,9);
/*!40000 ALTER TABLE `bonds_accounts` ENABLE KEYS */;
UNLOCK TABLES;

--
-- Table structure for table `coupons`
--

DROP TABLE IF EXISTS `coupons`;
/*!40101 SET @saved_cs_client     = @@character_set_client */;
/*!50503 SET character_set_client = utf8mb4 */;
CREATE TABLE `coupons` (
  `id` int NOT NULL AUTO_INCREMENT,
  `amount` decimal(10,2) NOT NULL,
  `date` date NOT NULL,
  `bonds_id` int NOT NULL,
  PRIMARY KEY (`id`),
  KEY `fk_coupons_bonds1_idx` (`bonds_id`),
  CONSTRAINT `fk_coupons_bonds1` FOREIGN KEY (`bonds_id`) REFERENCES `bonds` (`id`)
) ENGINE=InnoDB AUTO_INCREMENT=512 DEFAULT CHARSET=utf8;
/*!40101 SET character_set_client = @saved_cs_client */;

--
-- Dumping data for table `coupons`
--

LOCK TABLES `coupons` WRITE;
/*!40000 ALTER TABLE `coupons` DISABLE KEYS */;
INSERT INTO `coupons` VALUES (1,1573.00,'2023-05-05',6),(2,5159.00,'2022-09-16',8),(3,5750.00,'2023-07-07',5),(4,2524.00,'2021-10-23',3),(5,6541.00,'2021-10-29',4),(6,3472.00,'2023-01-24',8),(7,3626.00,'2023-03-31',4),(8,4944.00,'2022-04-20',5),(9,5495.00,'2023-01-19',6),(10,4455.00,'2021-08-08',6),(11,4880.00,'2022-03-09',5),(12,2580.00,'2021-10-07',5),(13,1259.00,'2022-08-23',2),(14,5161.00,'2022-07-02',1),(15,1639.00,'2023-02-14',4),(16,763.00,'2021-11-30',6),(17,2026.00,'2023-08-17',6),(18,3764.00,'2023-04-07',8),(19,8758.00,'2021-11-12',3),(20,3916.00,'2023-06-13',6),(21,1897.00,'2023-06-01',1),(22,9502.00,'2022-11-14',7),(23,1567.00,'2022-12-12',7),(24,6008.00,'2023-07-17',8),(25,8466.00,'2021-06-06',7),(26,8496.00,'2021-06-20',8),(27,3193.00,'2022-05-29',3),(28,9196.00,'2022-05-29',4),(29,8629.00,'2021-08-11',8),(30,3171.00,'2022-05-02',2),(31,7306.00,'2022-07-06',4),(32,139.00,'2023-08-17',7),(33,6524.00,'2021-05-25',1),(34,7.00,'2023-05-21',2),(35,7329.00,'2022-06-16',7),(36,810.00,'2021-09-26',4),(37,3176.00,'2022-03-19',7),(38,5019.00,'2021-12-24',8),(39,9540.00,'2022-08-19',6),(40,1481.00,'2022-07-04',3),(41,2035.00,'2023-04-03',2),(42,119.00,'2023-05-01',2),(43,6858.00,'2021-07-28',8),(44,8114.00,'2023-03-02',2),(45,9687.00,'2022-07-23',7),(46,1950.00,'2022-11-24',5),(47,347.00,'2023-06-10',7),(48,5905.00,'2022-10-29',5),(49,7806.00,'2022-09-05',7),(50,9236.00,'2021-11-14',8),(51,8268.00,'2023-04-12',8),(52,552.00,'2023-07-23',6),(53,6035.00,'2022-11-01',7),(54,3844.00,'2022-07-28',4),(55,4410.00,'2023-05-07',4),(56,1799.00,'2022-06-29',8),(57,5648.00,'2022-04-11',8),(58,6665.00,'2023-08-24',8),(59,334.00,'2023-02-28',7),(60,4323.00,'2023-02-20',2),(61,1941.00,'2022-08-12',4),(62,2066.00,'2022-10-09',7),(63,6887.00,'2023-11-18',3),(64,109.00,'2022-10-12',7),(65,2091.00,'2022-09-23',8),(66,4165.00,'2022-10-29',4),(67,5451.00,'2021-11-05',4),(68,8274.00,'2022-12-02',4),(69,240.00,'2022-11-14',4),(70,2397.00,'2023-01-31',3),(71,7307.00,'2021-07-02',4),(72,4487.00,'2023-02-05',3),(73,6200.00,'2022-09-04',4),(74,2447.00,'2023-01-02',3),(75,4753.00,'2023-06-01',8),(76,5752.00,'2022-01-07',8),(77,5081.00,'2023-11-01',8),(78,382.00,'2022-11-14',4),(79,7895.00,'2022-03-15',2),(80,1706.00,'2021-12-03',5),(81,2531.00,'2023-01-16',1),(82,2922.00,'2023-07-22',4),(83,3149.00,'2023-11-01',6),(84,5098.00,'2023-10-05',2),(85,2033.00,'2022-04-12',5),(86,6611.00,'2022-12-14',3),(87,2646.00,'2022-12-28',5),(88,9550.00,'2021-06-27',1),(89,3195.00,'2023-09-23',1),(90,6713.00,'2023-01-23',6),(91,2576.00,'2022-11-10',2),(92,7857.00,'2021-11-10',1),(93,4867.00,'2023-03-21',3),(94,2788.00,'2023-02-04',4),(95,404.00,'2022-07-20',4),(96,3714.00,'2021-08-09',7),(97,3798.00,'2021-09-15',6),(98,3162.00,'2023-07-26',8),(99,2476.00,'2022-08-11',5),(100,2690.00,'2022-11-23',7),(101,9299.00,'2023-09-23',6),(102,8523.00,'2022-08-26',3),(103,8311.00,'2022-05-11',2),(104,2090.00,'2022-01-10',7),(105,152.00,'2022-02-07',3),(106,121.00,'2022-01-22',7),(107,4456.00,'2022-07-06',4),(108,4133.00,'2021-12-29',2),(109,8077.00,'2021-11-15',6),(110,1791.00,'2021-06-22',6),(111,1935.00,'2021-08-25',4),(112,9600.00,'2023-12-04',7),(113,14.00,'2021-10-01',7),(114,8602.00,'2022-07-20',2),(115,6741.00,'2022-09-16',1),(116,3078.00,'2023-03-02',1),(117,6313.00,'2022-02-09',5),(118,6355.00,'2022-02-19',1),(119,8116.00,'2021-10-20',3),(120,3032.00,'2023-01-20',1),(121,5753.00,'2021-04-19',3),(122,8073.00,'2021-09-21',4),(123,5727.00,'2021-03-30',4),(124,9103.00,'2023-02-13',1),(125,7924.00,'2021-06-23',1),(126,5030.00,'2022-12-24',4),(127,2739.00,'2022-07-12',3),(128,2025.00,'2021-07-19',6),(129,6410.00,'2022-01-26',7),(130,7914.00,'2021-05-20',3),(131,6645.00,'2022-05-19',2),(132,9515.00,'2023-07-21',7),(133,385.00,'2022-01-02',6),(134,8249.00,'2021-10-22',1),(135,1156.00,'2023-01-17',5),(136,2621.00,'2022-04-20',8),(137,4144.00,'2021-08-17',3),(138,9326.00,'2023-03-28',4),(139,510.00,'2022-02-11',1),(140,6214.00,'2021-09-10',2),(141,6433.00,'2021-12-25',3),(142,6756.00,'2022-06-03',5),(143,5459.00,'2023-05-21',6),(144,8050.00,'2021-06-12',3),(145,9139.00,'2022-12-06',4),(146,6956.00,'2022-07-28',6),(147,9617.00,'2023-06-21',5),(148,1610.00,'2023-06-17',7),(149,9383.00,'2023-02-20',6),(150,3450.00,'2023-03-22',6),(151,9192.00,'2022-11-10',3),(152,9385.00,'2023-02-07',1),(153,4954.00,'2022-06-23',5),(154,3944.00,'2023-10-27',3),(155,918.00,'2022-05-22',5),(156,4603.00,'2021-11-29',4),(157,1642.00,'2023-05-02',2),(158,5826.00,'2023-07-31',5),(159,2229.00,'2021-05-22',1),(160,726.00,'2022-01-12',4),(161,838.00,'2022-03-02',2),(162,6958.00,'2022-04-19',1),(163,2603.00,'2021-10-17',7),(164,3904.00,'2023-07-26',8),(165,4758.00,'2021-12-25',7),(166,5166.00,'2022-07-11',3),(167,3449.00,'2022-11-21',6),(168,4287.00,'2021-04-19',3),(169,2697.00,'2021-11-09',5),(170,708.00,'2021-11-10',6),(171,3434.00,'2022-11-02',6),(172,7750.00,'2023-04-03',2),(173,9788.00,'2023-04-19',8),(174,4654.00,'2021-09-29',8),(175,5530.00,'2022-11-27',6),(176,2737.00,'2021-10-20',5),(177,2257.00,'2023-11-18',7),(178,6538.00,'2021-07-11',3),(179,7186.00,'2022-05-28',1),(180,8665.00,'2021-09-05',3),(181,8617.00,'2021-08-11',6),(182,3898.00,'2023-05-04',1),(183,59.00,'2023-07-17',8),(184,3535.00,'2022-10-24',3),(185,8141.00,'2023-08-20',4),(186,3553.00,'2022-10-30',3),(187,9060.00,'2022-02-13',4),(188,3750.00,'2023-01-13',3),(189,3861.00,'2023-03-04',6),(190,3872.00,'2023-02-28',8),(191,9794.00,'2023-01-17',8),(192,9853.00,'2023-02-11',2),(193,9165.00,'2022-03-04',3),(194,411.00,'2023-11-14',3),(195,5064.00,'2022-01-04',8),(196,3835.00,'2023-01-23',5),(197,3233.00,'2022-03-28',1),(198,6565.00,'2021-04-25',4),(199,9453.00,'2022-07-11',2),(200,6075.00,'2023-05-15',2),(201,9089.00,'2022-01-03',1),(202,4120.00,'2023-05-19',5),(203,6589.00,'2021-04-05',8),(204,7693.00,'2022-10-06',4),(205,8943.00,'2021-09-23',2),(206,9550.00,'2022-07-20',7),(207,4518.00,'2023-11-09',5),(208,8111.00,'2023-04-04',2),(209,7868.00,'2022-11-18',4),(210,332.00,'2023-07-08',3),(211,2869.00,'2021-07-05',6),(212,6873.00,'2021-07-02',8),(213,7874.00,'2022-11-05',6),(214,6299.00,'2023-06-04',6),(215,684.00,'2021-03-18',4),(216,9768.00,'2022-08-31',4),(217,5894.00,'2022-10-31',4),(218,1470.00,'2022-04-02',7),(219,8479.00,'2023-08-18',1),(220,316.00,'2023-05-27',6),(221,2300.00,'2023-05-10',3),(222,4843.00,'2021-05-04',3),(223,9365.00,'2022-01-09',8),(224,2873.00,'2021-05-04',5),(225,4019.00,'2022-11-24',5),(226,2649.00,'2023-10-03',8),(227,5136.00,'2021-09-06',3),(228,7238.00,'2021-10-26',5),(229,7402.00,'2022-01-09',1),(230,1542.00,'2022-03-19',8),(231,9408.00,'2022-01-06',1),(232,25.00,'2022-11-09',6),(233,2846.00,'2021-03-14',2),(234,4392.00,'2023-04-18',6),(235,2577.00,'2023-07-19',7),(236,6338.00,'2023-03-19',3),(237,5100.00,'2021-07-02',8),(238,4336.00,'2023-03-07',7),(239,8495.00,'2023-05-18',5),(240,3043.00,'2021-05-21',4),(241,7472.00,'2021-12-07',3),(242,131.00,'2022-10-16',6),(243,5656.00,'2022-02-18',1),(244,9046.00,'2021-04-11',3),(245,4403.00,'2023-02-19',2),(246,5147.00,'2021-05-28',1),(247,3358.00,'2021-09-04',5),(248,594.00,'2023-05-15',2),(249,3444.00,'2021-10-15',5),(250,2028.00,'2022-07-09',3),(251,1795.00,'2022-03-13',8),(252,6865.00,'2023-08-22',7),(253,5214.00,'2021-05-12',4),(254,6525.00,'2023-02-25',1),(255,5059.00,'2023-11-16',6),(256,1526.00,'2021-10-06',4),(257,6575.00,'2023-03-06',1),(258,7449.00,'2021-08-11',7),(259,684.00,'2023-04-20',1),(260,3410.00,'2021-07-03',8),(261,5415.00,'2021-07-05',6),(262,823.00,'2023-05-31',5),(263,5429.00,'2021-07-01',7),(264,9282.00,'2021-04-18',1),(265,6058.00,'2022-05-06',4),(266,8127.00,'2022-06-05',1),(267,6724.00,'2023-03-30',2),(268,2516.00,'2022-12-16',4),(269,2298.00,'2022-08-24',5),(270,7796.00,'2021-12-11',4),(271,7998.00,'2022-03-04',2),(272,5201.00,'2023-10-23',1),(273,9164.00,'2023-09-24',5),(274,7734.00,'2021-10-08',8),(275,4256.00,'2022-06-18',3),(276,8450.00,'2022-09-22',5),(277,1879.00,'2021-12-10',6),(278,3057.00,'2023-07-15',7),(279,8300.00,'2022-07-01',5),(280,2065.00,'2022-02-25',6),(281,6902.00,'2023-04-20',4),(282,1205.00,'2023-08-23',6),(283,1171.00,'2023-08-06',6),(284,8047.00,'2021-12-15',2),(285,9300.00,'2023-08-24',7),(286,175.00,'2022-01-18',5),(287,3313.00,'2023-08-06',6),(288,4877.00,'2022-12-14',5),(289,1989.00,'2021-09-14',1),(290,5633.00,'2023-12-04',4),(291,9898.00,'2021-07-13',1),(292,2992.00,'2023-01-10',7),(293,985.00,'2023-01-06',4),(294,6700.00,'2022-08-15',1),(295,4750.00,'2022-09-08',2),(296,5925.00,'2021-07-19',3),(297,5544.00,'2023-09-30',8),(298,7217.00,'2023-04-06',6),(299,5312.00,'2023-05-20',2),(300,2270.00,'2021-12-13',7);
/*!40000 ALTER TABLE `coupons` ENABLE KEYS */;
UNLOCK TABLES;

--
-- Table structure for table `currencies`
--

DROP TABLE IF EXISTS `currencies`;
/*!40101 SET @saved_cs_client     = @@character_set_client */;
/*!50503 SET character_set_client = utf8mb4 */;
CREATE TABLE `currencies` (
  `id` int NOT NULL AUTO_INCREMENT,
  `name` varchar(45) NOT NULL,
  PRIMARY KEY (`id`)
) ENGINE=InnoDB AUTO_INCREMENT=16 DEFAULT CHARSET=utf8;
/*!40101 SET character_set_client = @saved_cs_client */;

--
-- Dumping data for table `currencies`
--

LOCK TABLES `currencies` WRITE;
/*!40000 ALTER TABLE `currencies` DISABLE KEYS */;
INSERT INTO `currencies` VALUES (1,'eum'),(2,'error'),(3,'sit'),(4,'vitae'),(5,'possimus'),(6,'facere'),(7,'ipsa'),(8,'et'),(9,'dolorem'),(10,'velit'),(11,'ad'),(12,'accusantium'),(13,'reiciendis'),(14,'quia'),(15,'quod');
/*!40000 ALTER TABLE `currencies` ENABLE KEYS */;
UNLOCK TABLES;

--
-- Table structure for table `dividends`
--

DROP TABLE IF EXISTS `dividends`;
/*!40101 SET @saved_cs_client     = @@character_set_client */;
/*!50503 SET character_set_client = utf8mb4 */;
CREATE TABLE `dividends` (
  `id` int NOT NULL AUTO_INCREMENT,
  `date` date NOT NULL,
  `amount` decimal(10,2) NOT NULL,
  `stocks_id` int NOT NULL,
  PRIMARY KEY (`id`),
  KEY `fk_dividends_stocks1_idx` (`stocks_id`),
  CONSTRAINT `fk_dividends_stocks1` FOREIGN KEY (`stocks_id`) REFERENCES `stocks` (`id`)
) ENGINE=InnoDB AUTO_INCREMENT=101 DEFAULT CHARSET=utf8;
/*!40101 SET character_set_client = @saved_cs_client */;

--
-- Dumping data for table `dividends`
--

LOCK TABLES `dividends` WRITE;
/*!40000 ALTER TABLE `dividends` DISABLE KEYS */;
INSERT INTO `dividends` VALUES (1,'2021-05-23',163.39,1),(2,'2021-08-14',787.00,2),(3,'2022-09-26',494.51,3),(4,'2022-02-28',358.01,4),(5,'2021-05-27',810.94,5),(6,'2022-01-29',473.23,6),(7,'2022-04-07',606.00,7),(8,'2023-11-23',779.00,8),(9,'2023-04-13',259.24,9),(10,'2023-07-15',407.59,10),(11,'2023-11-26',837.29,11),(12,'2022-04-01',679.88,12),(13,'2023-10-29',339.92,13),(14,'2022-12-25',836.00,14),(15,'2022-03-30',40.41,15),(16,'2023-10-28',500.70,16),(17,'2022-12-24',355.68,17),(18,'2022-03-29',747.64,18),(19,'2023-10-25',518.80,19),(20,'2022-12-16',583.00,20),(21,'2022-02-23',985.90,21),(22,'2023-06-03',242.00,22),(23,'2021-04-04',103.80,23),(24,'2023-01-21',841.38,24),(25,'2022-02-07',122.51,25),(26,'2022-11-24',357.00,26),(27,'2021-07-05',918.07,27),(28,'2023-02-23',110.74,28),(29,'2021-10-22',795.99,29),(30,'2023-11-18',513.62,30),(31,'2021-11-03',806.51,31),(32,'2021-11-08',133.77,32),(33,'2022-07-22',911.03,33),(34,'2023-04-19',850.87,34),(35,'2022-02-23',125.01,35),(36,'2022-05-27',314.22,36),(37,'2021-08-22',881.06,37),(38,'2022-07-18',944.00,38),(39,'2023-11-16',671.80,39),(40,'2022-05-07',363.99,40),(41,'2021-08-26',522.54,41),(42,'2022-10-10',995.00,42),(43,'2022-04-02',298.26,43),(44,'2021-10-01',190.44,44),(45,'2023-07-20',435.34,45),(46,'2023-02-01',19.48,46),(47,'2023-08-08',603.64,47),(48,'2022-01-29',759.00,48),(49,'2023-11-16',378.40,49),(50,'2023-09-30',363.65,50),(51,'2023-03-05',549.67,51),(52,'2023-06-12',487.00,52),(53,'2023-10-12',499.86,53),(54,'2021-11-21',737.66,54),(55,'2022-05-29',88.00,55),(56,'2022-06-10',221.00,56),(57,'2023-10-18',543.28,57),(58,'2022-04-02',412.87,58),(59,'2021-06-02',466.00,59),(60,'2021-11-23',202.43,60),(61,'2021-04-18',996.97,61),(62,'2022-05-03',820.66,62),(63,'2023-11-15',513.96,63),(64,'2022-12-15',518.42,64),(65,'2021-12-20',675.43,65),(66,'2022-07-14',282.31,66),(67,'2022-10-31',702.60,67),(68,'2022-08-17',582.42,68),(69,'2023-06-17',246.36,69),(70,'2022-10-01',495.20,70),(71,'2022-03-10',418.00,71),(72,'2021-06-30',779.26,72),(73,'2022-06-20',610.67,73),(74,'2021-03-11',747.60,74),(75,'2022-11-01',16.00,75),(76,'2021-03-16',616.67,76),(77,'2021-10-21',703.27,77),(78,'2021-06-27',798.53,78),(79,'2023-07-27',826.54,79),(80,'2021-03-30',204.10,80),(81,'2022-07-14',623.84,81),(82,'2022-04-13',81.00,82),(83,'2022-08-12',584.48,83),(84,'2022-04-18',276.60,84),(85,'2022-06-12',793.83,85),(86,'2021-06-03',540.80,86),(87,'2021-04-29',815.04,87),(88,'2023-11-28',372.40,88),(89,'2023-06-02',527.56,89),(90,'2021-06-13',389.76,90),(91,'2021-04-10',697.00,91),(92,'2023-07-31',138.61,92),(93,'2021-12-05',797.30,93),(94,'2023-03-12',567.27,94),(95,'2023-07-09',885.67,95),(96,'2021-05-07',655.86,96),(97,'2023-03-20',52.39,97),(98,'2022-08-19',67.79,98),(99,'2022-04-28',510.16,99),(100,'2022-07-11',795.31,100);
/*!40000 ALTER TABLE `dividends` ENABLE KEYS */;
UNLOCK TABLES;

--
-- Table structure for table `future_prices`
--

DROP TABLE IF EXISTS `future_prices`;
/*!40101 SET @saved_cs_client     = @@character_set_client */;
/*!50503 SET character_set_client = utf8mb4 */;
CREATE TABLE `future_prices` (
  `id` int NOT NULL AUTO_INCREMENT,
  `bid` decimal(10,2) NOT NULL,
  `offer` decimal(10,2) NOT NULL,
  `datetime` datetime NOT NULL,
  `futures_id` int NOT NULL,
  PRIMARY KEY (`id`),
  KEY `fk_future_prices_futures1_idx` (`futures_id`),
  CONSTRAINT `fk_future_prices_futures1` FOREIGN KEY (`futures_id`) REFERENCES `futures` (`id`)
) ENGINE=InnoDB AUTO_INCREMENT=1001 DEFAULT CHARSET=utf8;
/*!40101 SET character_set_client = @saved_cs_client */;

--
-- Dumping data for table `future_prices`
--

LOCK TABLES `future_prices` WRITE;
/*!40000 ALTER TABLE `future_prices` DISABLE KEYS */;
INSERT INTO `future_prices` VALUES (1,12738.00,19885.00,'2019-05-14 12:55:51',1),(2,14866.00,11255.00,'1982-11-06 18:58:48',2),(3,16243.00,11722.00,'2013-01-18 08:22:12',3),(4,17038.00,10583.00,'1998-05-28 03:44:52',4),(5,15864.00,16926.00,'2014-09-17 23:06:38',5),(6,19942.00,11430.00,'2005-06-23 09:01:19',6),(7,11582.00,13527.00,'2010-05-09 07:40:11',7),(8,12301.00,15002.00,'1991-05-06 00:12:53',8),(9,18515.00,16974.00,'2005-07-07 03:53:23',9),(10,11777.00,12022.00,'1971-02-09 08:18:15',10),(11,19667.00,19051.00,'1994-04-14 06:51:31',11),(12,10285.00,13279.00,'1978-10-27 14:50:03',12),(13,18386.00,13845.00,'2008-01-08 02:16:08',13),(14,14486.00,14381.00,'2014-01-09 00:55:28',14),(15,17814.00,16525.00,'1992-10-22 09:54:14',15),(16,18489.00,17674.00,'1980-05-09 16:03:41',16),(17,12743.00,17706.00,'1983-04-24 06:29:16',17),(18,15413.00,18527.00,'2014-08-14 03:58:58',18),(19,18176.00,13298.00,'1998-02-08 21:57:21',19),(20,19111.00,12152.00,'2009-05-04 10:10:43',20),(21,13233.00,13864.00,'1997-06-05 06:42:01',21),(22,19970.00,19591.00,'2008-11-13 14:48:17',22),(23,17841.00,17340.00,'1985-05-24 09:33:58',23),(24,10261.00,16148.00,'2012-09-27 18:55:28',24),(25,15188.00,14184.00,'2006-11-16 05:08:23',25),(26,15407.00,17793.00,'1978-08-24 01:00:09',26),(27,15289.00,17544.00,'2009-04-18 11:12:12',27),(28,15150.00,16246.00,'2001-09-24 19:59:48',28),(29,13766.00,16924.00,'2017-12-19 04:20:14',29),(30,18608.00,14249.00,'2011-11-13 08:03:30',30),(31,11638.00,11455.00,'1999-03-18 03:17:04',1),(32,16381.00,17513.00,'1989-02-10 20:12:11',2),(33,14306.00,13919.00,'2012-09-25 00:16:36',3),(34,14609.00,17866.00,'1988-01-30 20:38:21',4),(35,19765.00,15732.00,'1996-11-26 10:00:43',5),(36,11130.00,15024.00,'1979-02-05 09:40:14',6),(37,11141.00,11305.00,'1998-11-23 09:30:29',7),(38,17908.00,19827.00,'2002-04-22 11:12:53',8),(39,19134.00,14148.00,'1974-12-14 12:05:08',9),(40,13452.00,11223.00,'2020-06-27 00:40:24',10),(41,18945.00,17706.00,'1976-10-06 01:21:35',11),(42,11873.00,14172.00,'1977-02-26 06:32:45',12),(43,18933.00,10661.00,'2011-01-09 03:47:24',13),(44,18350.00,15032.00,'2002-02-22 12:33:48',14),(45,15408.00,19784.00,'1988-12-28 12:38:28',15),(46,17634.00,14160.00,'1992-12-08 01:37:57',16),(47,18782.00,13056.00,'2001-09-13 11:27:53',17),(48,10683.00,13721.00,'2010-07-05 16:35:36',18),(49,11352.00,10452.00,'1975-08-09 16:22:29',19),(50,18527.00,12461.00,'2012-08-19 08:06:21',20),(51,17324.00,16771.00,'2015-05-06 23:14:00',21),(52,10155.00,15330.00,'1984-11-29 07:03:54',22),(53,12322.00,14838.00,'2020-09-12 21:23:02',23),(54,17592.00,10223.00,'1975-11-12 21:32:19',24),(55,16370.00,17705.00,'2007-07-29 16:49:57',25),(56,17830.00,18926.00,'1986-03-27 04:27:15',26),(57,17710.00,10046.00,'1975-12-21 17:50:24',27),(58,10898.00,19731.00,'1982-04-23 02:28:26',28),(59,16846.00,16527.00,'1987-01-10 09:58:43',29),(60,10901.00,10654.00,'1979-12-06 10:41:22',30),(61,11294.00,15051.00,'1996-02-21 04:02:17',1),(62,15810.00,13704.00,'1995-01-31 15:17:10',2),(63,19487.00,15865.00,'1978-03-03 15:10:31',3),(64,14364.00,15482.00,'2018-05-25 19:15:59',4),(65,11762.00,17181.00,'1999-09-05 17:22:59',5),(66,10540.00,16854.00,'1970-08-11 14:08:55',6),(67,17729.00,19644.00,'2014-08-17 17:07:44',7),(68,10868.00,10029.00,'1984-06-09 21:22:24',8),(69,19876.00,19835.00,'2007-02-26 10:36:15',9),(70,13037.00,19680.00,'2016-02-15 23:13:59',10),(71,13402.00,16473.00,'1971-10-14 19:42:10',11),(72,11868.00,15500.00,'1986-06-13 02:30:49',12),(73,10691.00,12719.00,'1980-04-25 13:59:39',13),(74,10916.00,12060.00,'1996-05-12 22:16:13',14),(75,11426.00,10072.00,'1970-04-01 07:13:29',15),(76,19438.00,17187.00,'2003-01-13 02:08:30',16),(77,11499.00,17984.00,'2018-11-28 15:36:44',17),(78,11077.00,13682.00,'1992-07-04 07:07:30',18),(79,12784.00,14793.00,'2008-10-13 12:42:38',19),(80,11544.00,10521.00,'2018-04-03 01:26:19',20),(81,13218.00,16533.00,'1995-03-28 12:43:28',21),(82,16480.00,19236.00,'2002-01-24 14:48:44',22),(83,19468.00,11660.00,'2001-10-02 14:49:55',23),(84,14051.00,16804.00,'2016-09-11 15:31:18',24),(85,17445.00,11693.00,'2002-01-12 13:41:59',25),(86,12160.00,17610.00,'2003-01-01 12:59:32',26),(87,15495.00,18181.00,'1971-09-23 08:49:35',27),(88,13108.00,10969.00,'1987-06-02 17:10:49',28),(89,14692.00,19537.00,'2006-01-12 16:31:30',29),(90,12030.00,12344.00,'2019-10-18 20:26:59',30),(91,13527.00,11074.00,'1984-01-18 17:58:34',1),(92,18519.00,18747.00,'1972-02-13 04:01:11',2),(93,19126.00,11726.00,'1990-10-15 10:17:17',3),(94,17210.00,14427.00,'2004-08-21 22:17:30',4),(95,19487.00,14843.00,'1980-03-08 07:55:33',5),(96,17913.00,19832.00,'2004-09-26 11:02:08',6),(97,14118.00,13648.00,'1981-08-04 11:40:31',7),(98,16120.00,16151.00,'2003-11-30 23:57:44',8),(99,18706.00,17473.00,'2017-06-26 23:19:41',9),(100,19126.00,16275.00,'1975-05-30 18:36:14',10),(101,14661.00,12552.00,'2008-02-02 06:05:03',11),(102,17369.00,18180.00,'2014-11-15 01:26:04',12),(103,15342.00,11706.00,'1984-08-06 02:44:43',13),(104,19669.00,12778.00,'1986-05-01 19:37:46',14),(105,18253.00,13454.00,'1994-01-29 12:20:33',15),(106,10945.00,14920.00,'1975-12-27 09:35:15',16),(107,15690.00,12038.00,'2016-01-07 10:14:57',17),(108,15678.00,10880.00,'2015-09-19 01:14:53',18),(109,19569.00,17975.00,'2018-04-12 17:28:37',19),(110,12140.00,11611.00,'1980-10-26 19:33:41',20),(111,15536.00,11587.00,'2019-12-19 18:08:20',21),(112,14184.00,12274.00,'2015-06-29 23:29:35',22),(113,17038.00,12569.00,'2016-02-02 03:17:03',23),(114,13018.00,11338.00,'1997-09-16 03:18:05',24),(115,16706.00,15864.00,'2000-11-15 19:09:29',25),(116,10554.00,17556.00,'1989-08-14 07:13:26',26),(117,10838.00,12926.00,'1971-08-08 13:00:14',27),(118,11479.00,17743.00,'1993-06-15 15:53:42',28),(119,13920.00,12147.00,'2010-12-21 11:57:56',29),(120,19826.00,18185.00,'2006-11-25 02:27:35',30),(121,17236.00,16743.00,'2006-12-10 13:19:01',1),(122,11280.00,12622.00,'1984-08-17 11:56:21',2),(123,18388.00,17110.00,'2011-03-09 06:13:26',3),(124,12052.00,12630.00,'1998-03-30 00:19:13',4),(125,17196.00,12369.00,'1996-03-14 04:02:22',5),(126,17348.00,17159.00,'1982-12-22 03:12:34',6),(127,17622.00,18247.00,'2016-08-21 05:29:03',7),(128,11727.00,13222.00,'2012-07-27 12:19:39',8),(129,17010.00,15168.00,'2018-05-28 17:59:34',9),(130,12720.00,11715.00,'1999-08-19 21:36:17',10),(131,15016.00,15686.00,'1975-03-13 20:55:31',11),(132,15178.00,10442.00,'1981-12-18 19:09:51',12),(133,17855.00,19131.00,'1996-09-16 23:52:58',13),(134,10746.00,14494.00,'2009-06-28 02:16:19',14),(135,16706.00,15953.00,'2005-05-21 16:44:42',15),(136,13734.00,13753.00,'1985-08-23 12:11:48',16),(137,13281.00,17737.00,'1975-05-10 20:18:21',17),(138,14107.00,15147.00,'1984-04-04 03:32:29',18),(139,13189.00,13279.00,'2006-12-17 14:23:45',19),(140,18698.00,10533.00,'1992-04-29 12:07:47',20),(141,17466.00,11580.00,'1986-06-24 04:22:47',21),(142,11656.00,13695.00,'2006-06-03 14:36:39',22),(143,17811.00,12841.00,'1974-09-09 01:35:55',23),(144,19909.00,11768.00,'1978-01-16 00:33:17',24),(145,16054.00,16997.00,'1986-10-25 09:39:42',25),(146,16138.00,12089.00,'2013-07-30 13:39:56',26),(147,19225.00,15721.00,'1997-04-23 11:56:14',27),(148,13218.00,15117.00,'1988-11-20 22:43:52',28),(149,16216.00,10075.00,'2009-03-18 22:17:27',29),(150,11236.00,13997.00,'1992-02-26 17:35:13',30),(151,19373.00,19472.00,'1978-02-18 10:28:44',1),(152,14868.00,19325.00,'1997-03-14 23:52:37',2),(153,14570.00,17612.00,'2016-07-25 04:13:46',3),(154,13537.00,15491.00,'1976-02-02 03:55:12',4),(155,17684.00,11193.00,'2004-09-20 15:47:47',5),(156,10282.00,19770.00,'2004-05-19 06:37:51',6),(157,19575.00,17537.00,'2015-04-10 17:58:22',7),(158,14880.00,16946.00,'1980-04-02 21:18:02',8),(159,19841.00,19808.00,'1977-03-30 12:24:33',9),(160,15643.00,12338.00,'1997-11-03 12:32:40',10),(161,12023.00,12753.00,'1975-03-05 11:17:20',11),(162,19360.00,10977.00,'1973-10-03 15:45:18',12),(163,19981.00,19241.00,'2012-10-07 04:23:06',13),(164,15710.00,12035.00,'2006-08-27 00:07:30',14),(165,16919.00,11399.00,'1981-12-17 10:13:55',15),(166,14042.00,17203.00,'1991-03-22 20:38:01',16),(167,12865.00,17147.00,'1978-08-31 01:56:11',17),(168,17403.00,17503.00,'1978-11-03 12:54:46',18),(169,10375.00,17680.00,'2020-05-26 03:57:03',19),(170,19581.00,14013.00,'1992-01-15 04:12:41',20),(171,12091.00,10514.00,'1996-06-28 10:52:36',21),(172,17999.00,15946.00,'1975-02-01 18:47:59',22),(173,12715.00,10514.00,'1971-12-21 21:05:12',23),(174,18190.00,19217.00,'2005-09-25 12:00:11',24),(175,12048.00,12959.00,'2001-03-13 00:46:50',25),(176,10585.00,10583.00,'1972-03-08 10:49:49',26),(177,12643.00,10606.00,'2017-08-13 20:41:02',27),(178,17130.00,13593.00,'1977-02-27 11:27:36',28),(179,14936.00,19402.00,'1995-04-23 09:26:12',29),(180,12448.00,12441.00,'1979-03-16 07:27:36',30),(181,18745.00,16513.00,'1982-09-15 07:03:14',1),(182,15395.00,18340.00,'1972-07-10 05:18:45',2),(183,10799.00,16603.00,'2014-01-23 21:35:02',3),(184,15483.00,18524.00,'1991-09-22 15:32:29',4),(185,18607.00,13858.00,'1972-07-23 16:50:47',5),(186,15199.00,12298.00,'1988-11-22 20:58:12',6),(187,16079.00,13077.00,'2017-11-26 23:20:45',7),(188,14059.00,18728.00,'2011-01-06 21:43:27',8),(189,17118.00,16666.00,'1976-10-08 16:13:27',9),(190,10579.00,17387.00,'2008-03-17 06:42:57',10),(191,16830.00,10534.00,'1975-12-21 17:38:37',11),(192,14189.00,13600.00,'2012-12-16 22:55:07',12),(193,16072.00,11358.00,'1999-03-13 08:48:50',13),(194,11733.00,14526.00,'1976-01-17 18:41:38',14),(195,14868.00,19874.00,'2012-02-01 07:01:51',15),(196,17317.00,14581.00,'2014-02-21 16:33:33',16),(197,11023.00,13833.00,'1979-12-09 10:18:08',17),(198,12511.00,10606.00,'2015-09-09 15:03:45',18),(199,12583.00,17605.00,'1996-04-10 01:11:47',19),(200,15184.00,11678.00,'1987-03-09 05:35:22',20),(201,11721.00,14209.00,'2001-12-29 12:58:39',21),(202,11672.00,15274.00,'1977-05-29 07:43:01',22),(203,18057.00,16749.00,'2014-08-06 05:45:30',23),(204,13586.00,12533.00,'2011-08-11 15:35:30',24),(205,14500.00,16251.00,'1977-05-14 02:44:32',25),(206,18680.00,13717.00,'1979-05-09 22:44:58',26),(207,14216.00,12319.00,'1981-05-08 15:49:46',27),(208,10596.00,18220.00,'1980-03-27 03:06:16',28),(209,17984.00,15452.00,'2010-11-13 13:35:51',29),(210,14058.00,17934.00,'2017-03-25 13:29:43',30),(211,19283.00,10855.00,'2016-10-01 19:14:02',1),(212,10155.00,19751.00,'1977-12-06 11:33:47',2),(213,13507.00,19503.00,'2000-06-07 18:31:02',3),(214,15237.00,10085.00,'2011-09-24 06:50:23',4),(215,14714.00,11822.00,'1995-03-17 19:08:12',5),(216,14612.00,17106.00,'1979-03-21 12:08:37',6),(217,14992.00,17563.00,'1975-08-06 15:19:10',7),(218,15163.00,11757.00,'1997-07-05 01:57:17',8),(219,12466.00,17575.00,'1990-01-23 00:25:36',9),(220,19075.00,10899.00,'2016-11-05 17:58:46',10),(221,13625.00,12307.00,'2007-11-29 16:29:40',11),(222,19752.00,16245.00,'1975-06-24 17:41:33',12),(223,19669.00,13657.00,'1998-02-02 00:16:19',13),(224,19892.00,14561.00,'2003-02-10 23:37:06',14),(225,16502.00,12066.00,'2008-07-10 21:12:40',15),(226,11594.00,11137.00,'2003-07-02 08:27:36',16),(227,14124.00,18874.00,'1990-02-11 14:48:38',17),(228,18337.00,10559.00,'1971-12-14 05:55:48',18),(229,11132.00,17747.00,'2004-05-02 05:42:57',19),(230,11300.00,16353.00,'2020-08-04 21:32:14',20),(231,16490.00,11295.00,'2012-10-04 10:21:02',21),(232,15684.00,10638.00,'1995-12-25 21:17:47',22),(233,15221.00,15007.00,'1990-07-28 20:13:42',23),(234,15303.00,16365.00,'2011-05-27 05:22:19',24),(235,14112.00,12145.00,'1971-04-16 23:40:14',25),(236,11890.00,15406.00,'2003-01-06 19:46:06',26),(237,12509.00,10079.00,'2014-10-20 20:28:03',27),(238,12469.00,13733.00,'1974-09-05 13:21:53',28),(239,16080.00,11105.00,'2015-07-29 08:26:31',29),(240,15625.00,15818.00,'2002-06-10 12:27:09',30),(241,11255.00,10699.00,'2016-04-18 07:23:38',1),(242,16437.00,14779.00,'1986-03-03 01:28:18',2),(243,13571.00,12132.00,'2018-11-07 05:58:24',3),(244,12146.00,14675.00,'2008-09-21 15:50:12',4),(245,12008.00,16040.00,'1995-08-18 21:24:41',5),(246,12608.00,15382.00,'2010-11-14 09:12:06',6),(247,16871.00,16994.00,'1970-07-26 17:33:56',7),(248,14886.00,17547.00,'1976-12-09 13:50:32',8),(249,15380.00,17967.00,'2018-08-22 18:21:00',9),(250,16667.00,16207.00,'1997-01-04 17:36:25',10),(251,17175.00,14130.00,'2004-01-17 19:50:42',11),(252,13725.00,14422.00,'1983-10-19 18:14:26',12),(253,11746.00,18389.00,'1997-10-02 09:28:14',13),(254,11122.00,14346.00,'1993-06-11 00:32:53',14),(255,12628.00,16738.00,'1983-07-23 14:37:16',15),(256,18113.00,13550.00,'1988-02-19 10:45:50',16),(257,11554.00,13889.00,'2001-08-22 22:29:53',17),(258,14435.00,19581.00,'2004-12-29 03:50:23',18),(259,13890.00,19745.00,'2016-11-21 21:11:54',19),(260,15554.00,11022.00,'1985-09-22 16:01:07',20),(261,13677.00,14761.00,'2004-06-15 02:45:26',21),(262,18133.00,13829.00,'1995-08-10 11:06:44',22),(263,13237.00,11312.00,'1999-10-18 01:19:18',23),(264,12410.00,10821.00,'1991-10-15 10:46:03',24),(265,12213.00,15483.00,'1991-02-01 09:58:19',25),(266,10149.00,12367.00,'2017-07-25 10:31:38',26),(267,12805.00,18512.00,'1982-06-16 13:37:34',27),(268,12821.00,15671.00,'2007-07-23 04:20:38',28),(269,18134.00,11742.00,'1995-11-04 11:16:36',29),(270,11946.00,15764.00,'1987-05-08 00:22:58',30),(271,14610.00,12946.00,'2009-09-23 22:45:08',1),(272,16096.00,13349.00,'1973-02-25 20:59:08',2),(273,18445.00,19981.00,'2020-12-13 10:17:35',3),(274,10002.00,19077.00,'2020-10-05 09:27:58',4),(275,10902.00,13484.00,'2019-12-22 11:34:14',5),(276,14080.00,14897.00,'1984-09-17 13:41:38',6),(277,11801.00,17747.00,'1987-04-03 00:07:02',7),(278,16073.00,13965.00,'2018-03-05 12:30:13',8),(279,19285.00,14843.00,'1998-05-05 12:49:50',9),(280,10902.00,17971.00,'1998-08-28 17:02:42',10),(281,14525.00,14762.00,'1980-12-10 22:27:39',11),(282,18510.00,18768.00,'2007-06-06 14:51:02',12),(283,15756.00,16748.00,'1980-01-19 03:36:42',13),(284,14601.00,14507.00,'1996-05-06 20:17:46',14),(285,13405.00,17472.00,'1993-08-11 20:15:48',15),(286,17837.00,13452.00,'1970-03-15 00:39:43',16),(287,11465.00,19465.00,'2020-12-30 09:33:24',17),(288,16325.00,13795.00,'2006-03-18 07:53:35',18),(289,15308.00,14325.00,'1981-12-01 19:01:09',19),(290,18925.00,11433.00,'1997-11-06 06:08:49',20),(291,12295.00,13036.00,'2007-01-04 21:47:18',21),(292,18121.00,12501.00,'2020-06-01 21:08:58',22),(293,16505.00,13665.00,'2003-12-09 12:07:21',23),(294,13421.00,11611.00,'1970-03-20 23:34:42',24),(295,13488.00,19042.00,'2004-05-11 19:00:00',25),(296,16901.00,19530.00,'2003-12-26 22:01:44',26),(297,13218.00,14316.00,'1991-10-13 16:29:08',27),(298,17493.00,17803.00,'2020-08-04 11:15:45',28),(299,15569.00,15542.00,'2006-02-13 15:17:27',29),(300,10380.00,18044.00,'1971-12-06 23:12:16',30),(301,18715.00,13284.00,'1991-09-12 18:23:55',1),(302,17158.00,18151.00,'2017-03-10 02:23:54',2),(303,16620.00,18266.00,'2019-10-11 10:46:19',3),(304,18378.00,11142.00,'1982-12-02 16:22:03',4),(305,16677.00,19889.00,'2007-11-19 13:59:45',5),(306,10112.00,19030.00,'2011-04-05 04:56:57',6),(307,15532.00,13079.00,'1973-03-12 08:16:27',7),(308,11165.00,16833.00,'2019-04-27 08:17:15',8),(309,11318.00,10006.00,'1971-06-28 03:56:48',9),(310,15640.00,16059.00,'2003-07-07 19:18:35',10),(311,10564.00,13261.00,'2015-05-27 14:48:44',11),(312,14995.00,15086.00,'1982-04-21 22:35:50',12),(313,17284.00,11714.00,'1981-04-03 23:52:02',13),(314,12646.00,17812.00,'2004-09-10 14:55:27',14),(315,11477.00,19876.00,'1994-04-08 06:34:18',15),(316,13733.00,12825.00,'1985-03-04 09:02:04',16),(317,16439.00,14146.00,'1998-07-24 12:54:58',17),(318,17201.00,17160.00,'2003-04-22 19:19:02',18),(319,18117.00,19039.00,'1995-10-04 07:22:58',19),(320,17346.00,12020.00,'1994-05-12 10:49:49',20),(321,10752.00,12197.00,'1977-12-25 18:24:04',21),(322,12947.00,19943.00,'2016-09-30 11:37:46',22),(323,10240.00,18904.00,'1973-12-29 21:23:28',23),(324,10312.00,14072.00,'2017-03-13 22:03:58',24),(325,16059.00,15110.00,'2002-05-29 08:22:20',25),(326,17967.00,17755.00,'2017-12-09 18:04:24',26),(327,18405.00,18904.00,'1988-05-31 16:29:43',27),(328,19142.00,16605.00,'2011-01-27 21:23:41',28),(329,19350.00,15688.00,'1999-03-12 20:00:52',29),(330,11793.00,16591.00,'2009-03-05 21:28:21',30),(331,16141.00,10606.00,'2000-08-19 08:34:32',1),(332,11560.00,14160.00,'1975-06-02 09:54:49',2),(333,15118.00,13320.00,'1987-03-18 21:41:58',3),(334,15271.00,11811.00,'2012-05-26 18:23:49',4),(335,10926.00,15810.00,'2013-04-23 00:12:02',5),(336,12850.00,17045.00,'1993-04-20 20:01:15',6),(337,14738.00,15994.00,'1987-08-15 10:51:41',7),(338,11179.00,17455.00,'1986-07-21 16:32:52',8),(339,13681.00,10059.00,'1994-03-27 07:13:09',9),(340,14602.00,19587.00,'1974-06-08 10:16:54',10),(341,14235.00,17800.00,'1973-08-31 01:36:20',11),(342,14213.00,12417.00,'1996-01-12 12:36:06',12),(343,11141.00,18414.00,'1973-10-03 06:06:25',13),(344,12329.00,15814.00,'1976-11-18 05:51:48',14),(345,15616.00,19000.00,'2009-05-20 19:59:06',15),(346,11259.00,16448.00,'2003-12-23 13:05:53',16),(347,10414.00,16607.00,'2003-04-16 07:56:29',17),(348,19420.00,16955.00,'2008-01-05 13:48:58',18),(349,14652.00,16555.00,'1993-06-05 00:02:48',19),(350,10207.00,13890.00,'2020-01-23 18:58:29',20),(351,16924.00,12166.00,'2015-07-09 15:11:29',21),(352,12247.00,11422.00,'1989-10-09 07:16:57',22),(353,16075.00,17654.00,'1996-11-05 10:22:39',23),(354,17004.00,10970.00,'1990-03-02 02:35:40',24),(355,14021.00,19379.00,'1973-06-18 19:19:30',25),(356,11065.00,14931.00,'2017-09-17 06:23:42',26),(357,11391.00,15449.00,'2004-04-12 19:30:12',27),(358,14359.00,13267.00,'2006-01-02 10:05:43',28),(359,12202.00,15458.00,'2016-01-27 12:02:48',29),(360,17101.00,19590.00,'2009-10-09 21:21:45',30),(361,11672.00,19299.00,'1982-11-05 04:13:48',1),(362,17914.00,16312.00,'1990-12-13 21:44:41',2),(363,16710.00,17982.00,'1986-12-29 08:37:34',3),(364,18333.00,17935.00,'1986-10-05 22:14:27',4),(365,16619.00,10264.00,'2005-11-28 21:25:32',5),(366,15574.00,11223.00,'1971-09-02 00:58:13',6),(367,14319.00,12939.00,'1983-07-10 10:16:55',7),(368,13981.00,19928.00,'2005-04-01 16:25:01',8),(369,10883.00,13764.00,'2017-12-09 09:47:02',9),(370,12322.00,13511.00,'1970-04-19 07:23:51',10),(371,16562.00,13054.00,'1984-11-15 02:02:57',11),(372,10444.00,14145.00,'1999-02-13 18:05:43',12),(373,10492.00,12533.00,'2007-06-17 16:13:39',13),(374,14430.00,19274.00,'2014-10-07 11:21:39',14),(375,12480.00,12193.00,'1982-03-25 21:22:10',15),(376,11810.00,15901.00,'1994-10-24 05:30:16',16),(377,15966.00,10378.00,'1977-07-08 17:44:34',17),(378,13235.00,14132.00,'2017-12-18 10:06:16',18),(379,10849.00,16435.00,'2006-03-20 05:46:03',19),(380,17041.00,19199.00,'1972-11-26 22:17:20',20),(381,19984.00,14427.00,'1975-10-21 01:41:41',21),(382,13488.00,17933.00,'1990-04-26 12:15:34',22),(383,10014.00,18608.00,'1988-07-31 03:35:14',23),(384,15808.00,15564.00,'1985-08-19 00:01:11',24),(385,15229.00,19174.00,'1977-04-06 15:28:49',25),(386,19548.00,19708.00,'1981-01-03 16:37:25',26),(387,17138.00,15533.00,'1984-01-09 20:47:43',27),(388,15683.00,12130.00,'1994-07-19 14:53:22',28),(389,15500.00,14061.00,'1993-04-24 22:59:05',29),(390,14554.00,12594.00,'1982-07-21 17:57:29',30),(391,12068.00,16571.00,'1994-11-16 14:59:07',1),(392,15248.00,10851.00,'1994-06-22 22:59:29',2),(393,12500.00,11276.00,'1996-05-13 15:58:46',3),(394,10215.00,18523.00,'1990-10-08 14:50:59',4),(395,12928.00,19930.00,'1999-06-14 11:34:14',5),(396,13338.00,12247.00,'1991-07-01 17:06:25',6),(397,10282.00,18183.00,'2006-12-02 21:51:07',7),(398,11085.00,15914.00,'1999-12-14 23:52:37',8),(399,10382.00,11906.00,'1980-03-02 04:51:11',9),(400,18785.00,10063.00,'1983-12-05 11:43:48',10),(401,19019.00,17318.00,'1994-11-09 02:09:14',11),(402,13483.00,16224.00,'2019-10-12 23:50:10',12),(403,19120.00,12226.00,'1973-04-03 04:57:24',13),(404,18901.00,10974.00,'1978-10-14 08:51:01',14),(405,16729.00,13803.00,'1988-01-31 19:24:39',15),(406,14932.00,15004.00,'2000-09-29 01:53:50',16),(407,18257.00,13264.00,'2014-12-15 21:03:04',17),(408,19820.00,14511.00,'2005-10-05 23:07:58',18),(409,13486.00,14448.00,'1996-12-05 02:14:33',19),(410,14960.00,19208.00,'1982-10-09 05:08:39',20),(411,11138.00,13999.00,'1977-02-10 11:08:15',21),(412,13769.00,19710.00,'2010-07-19 09:04:55',22),(413,18286.00,18966.00,'2009-06-21 13:37:45',23),(414,12451.00,17863.00,'1975-01-06 21:01:04',24),(415,10407.00,18635.00,'1982-01-28 12:16:04',25),(416,11648.00,16284.00,'1990-06-19 23:21:56',26),(417,15677.00,11150.00,'1971-12-27 00:10:08',27),(418,10225.00,15314.00,'1978-02-21 11:37:28',28),(419,11878.00,12151.00,'2016-08-08 11:11:13',29),(420,19878.00,18712.00,'1983-01-07 22:33:51',30),(421,12523.00,14736.00,'2015-11-22 00:05:24',1),(422,17103.00,19815.00,'2007-04-29 01:50:15',2),(423,10528.00,15197.00,'1999-05-08 01:47:17',3),(424,17625.00,10674.00,'2020-07-14 10:53:59',4),(425,19759.00,10059.00,'1978-08-19 23:48:17',5),(426,16624.00,10705.00,'1999-03-24 00:57:56',6),(427,12046.00,13761.00,'1987-09-09 11:06:12',7),(428,11455.00,16285.00,'2016-08-12 10:51:56',8),(429,18599.00,12670.00,'2018-06-27 05:20:26',9),(430,10693.00,19323.00,'1994-07-19 11:46:05',10),(431,11094.00,19968.00,'1999-07-17 10:21:15',11),(432,13630.00,10121.00,'2003-02-18 13:33:32',12),(433,17251.00,17952.00,'1974-11-17 16:11:43',13),(434,12242.00,18047.00,'2020-08-20 00:55:26',14),(435,19430.00,11922.00,'2013-05-03 11:00:24',15),(436,17159.00,11244.00,'1984-08-29 18:36:21',16),(437,19983.00,10942.00,'2020-04-09 20:08:22',17),(438,18005.00,18520.00,'1972-03-08 18:28:38',18),(439,10494.00,15492.00,'2010-03-11 10:53:29',19),(440,19289.00,18652.00,'1978-06-22 22:57:43',20),(441,12442.00,12548.00,'1975-09-27 04:36:56',21),(442,12298.00,15556.00,'2007-09-09 14:01:55',22),(443,10187.00,12577.00,'2000-09-09 14:23:30',23),(444,10348.00,15834.00,'1972-05-11 08:26:06',24),(445,11622.00,10938.00,'2006-10-04 16:53:19',25),(446,16222.00,17076.00,'1976-06-26 21:16:37',26),(447,18696.00,17233.00,'2012-02-01 16:28:14',27),(448,11529.00,12990.00,'1982-08-08 19:18:53',28),(449,16843.00,17507.00,'1975-04-04 06:16:16',29),(450,16773.00,15979.00,'1978-04-12 13:41:57',30),(451,19386.00,17817.00,'1993-09-26 02:00:52',1),(452,13848.00,15811.00,'2019-07-10 13:27:02',2),(453,15268.00,19885.00,'1970-03-05 10:04:06',3),(454,10935.00,18660.00,'1979-06-04 10:16:06',4),(455,10257.00,11744.00,'1992-01-24 18:53:07',5),(456,18357.00,17355.00,'2017-06-03 22:48:53',6),(457,19448.00,11599.00,'1998-07-29 21:26:33',7),(458,18393.00,16371.00,'2013-06-25 03:40:00',8),(459,18627.00,16805.00,'1973-09-21 16:14:19',9),(460,19211.00,14290.00,'1977-12-19 00:43:29',10),(461,19213.00,16896.00,'1971-06-22 00:01:00',11),(462,16287.00,16676.00,'2008-01-18 21:24:09',12),(463,19076.00,15691.00,'2009-02-20 14:18:18',13),(464,10232.00,12094.00,'2012-04-12 19:55:09',14),(465,15805.00,12403.00,'1974-09-06 01:01:10',15),(466,13934.00,15317.00,'1985-02-25 05:25:53',16),(467,12316.00,13356.00,'1983-08-17 13:25:27',17),(468,14614.00,12826.00,'2013-08-20 06:40:40',18),(469,12563.00,15079.00,'2013-10-16 02:18:17',19),(470,12227.00,17056.00,'2013-12-06 01:39:30',20),(471,18396.00,13129.00,'1973-12-13 13:12:06',21),(472,12229.00,16275.00,'2018-01-30 16:56:55',22),(473,11004.00,15752.00,'1995-06-18 12:34:23',23),(474,18249.00,16729.00,'2019-04-15 10:51:08',24),(475,12040.00,17664.00,'1981-03-28 09:51:31',25),(476,19385.00,12960.00,'2016-04-20 13:02:39',26),(477,18145.00,14178.00,'1984-10-24 17:19:04',27),(478,19510.00,13235.00,'1978-08-10 06:25:17',28),(479,15673.00,14143.00,'1972-11-12 20:56:37',29),(480,16490.00,18059.00,'1981-09-11 23:11:22',30),(481,16700.00,13620.00,'2020-02-13 05:08:18',1),(482,13786.00,17925.00,'1986-06-16 17:15:43',2),(483,11543.00,15058.00,'2001-06-23 21:04:06',3),(484,10080.00,13153.00,'2013-04-19 00:14:10',4),(485,18574.00,13716.00,'1977-07-29 05:52:00',5),(486,13812.00,15721.00,'2020-09-04 17:04:11',6),(487,12318.00,13924.00,'1993-02-12 01:34:15',7),(488,16900.00,18939.00,'2017-04-07 01:54:59',8),(489,14443.00,15861.00,'1981-01-05 23:13:03',9),(490,13966.00,17786.00,'1972-04-17 08:44:10',10),(491,11189.00,15527.00,'1971-02-05 21:43:58',11),(492,15461.00,18254.00,'1997-11-01 06:06:55',12),(493,12908.00,15270.00,'2007-03-15 21:03:17',13),(494,17991.00,17348.00,'2003-10-26 19:07:25',14),(495,17800.00,16610.00,'1982-07-02 21:06:28',15),(496,18295.00,19653.00,'1972-08-28 13:54:28',16),(497,19582.00,16524.00,'2007-02-07 13:17:15',17),(498,10375.00,13827.00,'1986-01-30 06:00:42',18),(499,12537.00,17039.00,'2000-12-22 04:29:59',19),(500,14927.00,12648.00,'1977-12-02 05:20:14',20),(501,13107.00,14339.00,'2014-06-22 01:58:50',21),(502,19041.00,12200.00,'2001-03-16 16:23:00',22),(503,16286.00,19535.00,'2006-03-24 18:29:26',23),(504,13465.00,18855.00,'2000-04-10 10:56:20',24),(505,18747.00,17743.00,'1982-01-19 23:05:46',25),(506,16640.00,10496.00,'1980-07-08 03:33:07',26),(507,17587.00,13586.00,'1975-07-26 18:00:28',27),(508,14066.00,10613.00,'2014-02-22 03:26:21',28),(509,18449.00,14046.00,'2005-02-14 19:27:28',29),(510,17060.00,10381.00,'2019-03-06 20:34:21',30),(511,16836.00,15501.00,'2002-02-03 22:27:53',1),(512,11916.00,15893.00,'2020-10-16 03:01:06',2),(513,12978.00,19833.00,'1987-11-08 10:46:56',3),(514,18461.00,10615.00,'1989-03-08 04:14:41',4),(515,12307.00,18446.00,'2001-06-30 10:09:37',5),(516,17825.00,14323.00,'1995-01-31 08:13:08',6),(517,17086.00,14570.00,'1984-02-16 20:58:32',7),(518,12999.00,18400.00,'2019-06-02 10:02:40',8),(519,19993.00,19764.00,'2000-11-25 21:24:19',9),(520,14653.00,10518.00,'1984-06-03 14:09:18',10),(521,18179.00,12760.00,'2014-07-13 04:24:31',11),(522,12301.00,14520.00,'1997-06-09 10:19:25',12),(523,17717.00,10411.00,'1970-08-25 12:52:38',13),(524,13837.00,16051.00,'1989-09-29 23:54:11',14),(525,13144.00,15368.00,'2020-06-09 12:38:15',15),(526,19445.00,13937.00,'2006-03-21 13:38:32',16),(527,12347.00,15313.00,'2017-10-30 10:12:33',17),(528,14387.00,10441.00,'1997-10-09 22:40:26',18),(529,10336.00,17653.00,'2012-12-10 13:17:28',19),(530,10438.00,19432.00,'1997-12-22 04:53:24',20),(531,17228.00,17650.00,'1993-03-06 11:19:50',21),(532,16919.00,12525.00,'1978-09-16 00:57:28',22),(533,12378.00,18007.00,'2012-03-04 21:34:30',23),(534,14675.00,14161.00,'1990-08-03 02:41:53',24),(535,16561.00,19831.00,'1987-04-12 08:09:03',25),(536,18864.00,14119.00,'1989-06-18 11:46:02',26),(537,11806.00,17467.00,'2020-01-09 09:04:44',27),(538,11501.00,14694.00,'2012-07-01 21:12:49',28),(539,17087.00,19016.00,'2004-04-16 18:41:45',29),(540,12059.00,15537.00,'1997-11-13 14:14:00',30),(541,11556.00,15055.00,'1971-05-05 07:28:51',1),(542,16332.00,18412.00,'2002-02-22 06:15:32',2),(543,15099.00,12115.00,'1987-09-29 13:33:54',3),(544,17193.00,12839.00,'2020-01-04 16:42:48',4),(545,12583.00,11673.00,'2002-05-12 08:41:34',5),(546,14761.00,10941.00,'1998-12-24 09:59:52',6),(547,16239.00,18732.00,'2002-09-28 17:30:45',7),(548,19632.00,12060.00,'2011-12-01 15:07:34',8),(549,15159.00,12782.00,'1995-08-29 23:13:09',9),(550,19440.00,17638.00,'1998-10-11 01:48:47',10),(551,18283.00,15230.00,'1994-02-21 08:25:41',11),(552,16477.00,17986.00,'1984-06-01 11:20:51',12),(553,13418.00,18366.00,'1978-02-01 19:47:33',13),(554,18414.00,17063.00,'1990-08-14 23:37:18',14),(555,14849.00,17369.00,'1989-10-29 13:46:01',15),(556,14489.00,17479.00,'2008-03-09 00:30:22',16),(557,11883.00,18573.00,'1972-06-16 03:29:35',17),(558,15316.00,16981.00,'1988-04-24 23:29:37',18),(559,13857.00,15921.00,'1993-02-14 05:37:32',19),(560,17664.00,14591.00,'1983-07-27 09:16:13',20),(561,16748.00,16180.00,'1999-08-30 07:30:52',21),(562,15851.00,15546.00,'1989-12-30 18:10:47',22),(563,15591.00,12800.00,'2009-10-19 23:01:51',23),(564,14805.00,19832.00,'1983-09-23 04:33:00',24),(565,16175.00,19190.00,'1977-01-13 17:04:30',25),(566,11918.00,11402.00,'1986-08-08 17:03:22',26),(567,12085.00,12044.00,'2012-08-26 18:01:30',27),(568,14176.00,14696.00,'1996-10-20 02:23:32',28),(569,16248.00,19199.00,'1989-06-02 01:36:44',29),(570,14651.00,14245.00,'1985-03-26 23:52:57',30),(571,14495.00,16476.00,'1970-12-17 23:54:12',1),(572,10275.00,19930.00,'2013-10-22 05:42:12',2),(573,14818.00,19985.00,'2015-08-14 16:35:19',3),(574,18328.00,16572.00,'1995-11-23 04:23:03',4),(575,14671.00,12744.00,'2017-04-28 23:08:37',5),(576,14856.00,14889.00,'1972-07-28 03:32:59',6),(577,14908.00,10978.00,'1990-09-12 05:39:01',7),(578,14101.00,10075.00,'1991-07-20 12:21:49',8),(579,12002.00,12575.00,'2019-05-21 12:01:30',9),(580,12198.00,14606.00,'2015-01-28 18:35:01',10),(581,12644.00,14980.00,'1998-12-21 14:04:34',11),(582,19814.00,19952.00,'1997-01-19 03:49:20',12),(583,18239.00,19376.00,'1985-02-17 19:20:23',13),(584,14683.00,10932.00,'1981-10-16 22:43:48',14),(585,17082.00,10491.00,'1982-08-03 15:50:51',15),(586,11788.00,10785.00,'1995-10-06 02:15:34',16),(587,10729.00,13510.00,'1993-12-02 17:20:44',17),(588,12319.00,12476.00,'1973-06-27 18:41:38',18),(589,14860.00,15366.00,'1986-07-10 00:48:55',19),(590,17885.00,19765.00,'1998-01-22 16:35:37',20),(591,13690.00,14962.00,'2001-12-01 00:00:19',21),(592,12133.00,17093.00,'2019-08-03 19:29:26',22),(593,15318.00,18871.00,'1997-10-14 19:42:13',23),(594,19171.00,11414.00,'2016-02-06 04:05:45',24),(595,15372.00,17107.00,'2018-02-04 06:03:08',25),(596,16915.00,13857.00,'1999-08-06 03:14:41',26),(597,13588.00,15150.00,'2006-08-16 06:34:50',27),(598,17348.00,12575.00,'1974-11-03 07:09:37',28),(599,17273.00,11796.00,'1994-03-06 06:39:12',29),(600,11106.00,14870.00,'1987-07-27 19:21:44',30),(601,10421.00,17752.00,'1980-11-10 22:04:12',1),(602,15209.00,14650.00,'2006-03-25 09:19:07',2),(603,14695.00,13895.00,'1970-06-23 20:08:45',3),(604,15856.00,13844.00,'1987-02-25 20:20:01',4),(605,10005.00,11110.00,'1994-11-29 01:05:37',5),(606,18669.00,19041.00,'1999-11-29 11:14:41',6),(607,16575.00,13988.00,'1994-09-13 13:34:18',7),(608,16362.00,16313.00,'2009-11-18 17:14:03',8),(609,13017.00,19586.00,'2020-01-12 06:39:53',9),(610,14749.00,19890.00,'1981-10-31 06:51:16',10),(611,12423.00,14523.00,'2002-05-12 04:50:48',11),(612,15301.00,13332.00,'1973-06-21 03:58:08',12),(613,16934.00,19325.00,'2001-10-09 19:38:35',13),(614,12197.00,10536.00,'2013-08-31 10:51:17',14),(615,10867.00,15426.00,'1991-08-14 07:15:05',15),(616,12587.00,17495.00,'1996-06-23 02:52:11',16),(617,14211.00,18342.00,'1972-03-12 01:55:39',17),(618,19499.00,16400.00,'2002-03-12 07:59:37',18),(619,12038.00,12264.00,'2011-05-23 17:45:34',19),(620,14381.00,13632.00,'1978-09-23 08:08:47',20),(621,18614.00,17806.00,'1988-06-20 22:12:18',21),(622,12868.00,10284.00,'1994-04-08 03:31:58',22),(623,15984.00,14853.00,'1985-01-23 06:37:18',23),(624,15604.00,10665.00,'2006-08-05 20:05:56',24),(625,19386.00,10346.00,'1975-10-21 21:23:42',25),(626,13874.00,10971.00,'2014-05-18 08:26:00',26),(627,16322.00,13616.00,'2016-11-09 00:47:21',27),(628,15558.00,11036.00,'2004-06-03 08:25:48',28),(629,11543.00,15174.00,'1982-03-24 11:45:56',29),(630,17463.00,19050.00,'1992-11-29 10:14:22',30),(631,15218.00,18192.00,'1970-06-14 09:11:28',1),(632,15140.00,17613.00,'2007-03-23 18:37:43',2),(633,15997.00,19059.00,'1990-12-04 13:11:24',3),(634,13834.00,14273.00,'1993-02-19 20:51:43',4),(635,13681.00,10673.00,'1980-02-05 10:43:36',5),(636,15492.00,14651.00,'1991-06-11 14:04:42',6),(637,12979.00,15374.00,'2017-12-04 22:32:02',7),(638,17259.00,19496.00,'1991-04-11 14:42:46',8),(639,13349.00,17263.00,'1999-10-03 06:06:32',9),(640,17778.00,17830.00,'2020-11-13 17:30:44',10),(641,14084.00,11222.00,'2010-01-16 21:39:59',11),(642,13948.00,19835.00,'1993-02-03 18:16:47',12),(643,11781.00,13605.00,'1975-10-25 13:25:56',13),(644,10235.00,16742.00,'1971-01-12 21:43:14',14),(645,14410.00,12976.00,'1994-09-29 23:22:17',15),(646,15531.00,14460.00,'1998-12-29 00:08:25',16),(647,17806.00,19216.00,'2007-07-12 12:45:22',17),(648,15906.00,12922.00,'1996-03-30 21:23:42',18),(649,19175.00,15006.00,'2016-08-28 16:48:24',19),(650,11520.00,10894.00,'2004-11-28 15:18:03',20),(651,12379.00,19178.00,'2012-01-29 04:54:46',21),(652,13032.00,19919.00,'1985-03-20 20:16:02',22),(653,12082.00,18195.00,'1989-06-06 02:28:56',23),(654,11021.00,10915.00,'1987-05-04 09:57:02',24),(655,17622.00,15235.00,'1970-04-04 07:50:11',25),(656,16556.00,13041.00,'1988-10-29 01:55:30',26),(657,11107.00,12044.00,'1973-10-19 14:09:58',27),(658,19268.00,16560.00,'1975-08-16 07:09:24',28),(659,14215.00,13202.00,'1976-06-09 14:11:56',29),(660,17787.00,11549.00,'2004-09-21 15:57:47',30),(661,18945.00,11281.00,'1990-06-27 20:42:55',1),(662,19404.00,17155.00,'1998-07-03 19:58:05',2),(663,19257.00,16315.00,'1978-12-17 09:14:22',3),(664,18715.00,12861.00,'2002-12-22 18:14:21',4),(665,15361.00,19414.00,'2006-12-13 08:54:51',5),(666,12504.00,17937.00,'1990-08-29 17:49:36',6),(667,13460.00,14675.00,'1976-11-01 03:28:47',7),(668,14885.00,16423.00,'2016-05-02 15:16:17',8),(669,15364.00,14653.00,'2000-07-17 22:43:03',9),(670,16551.00,17723.00,'1987-09-28 12:33:45',10),(671,18373.00,13539.00,'2017-11-04 07:41:03',11),(672,19967.00,19126.00,'1991-12-30 19:06:30',12),(673,19750.00,12309.00,'1974-08-20 13:01:38',13),(674,13406.00,16909.00,'1984-04-03 15:19:08',14),(675,15191.00,13852.00,'1970-07-01 11:46:44',15),(676,19535.00,12993.00,'1973-07-05 20:16:00',16),(677,13407.00,10890.00,'1980-04-24 13:42:22',17),(678,15826.00,19741.00,'2004-11-29 23:56:10',18),(679,16054.00,18873.00,'1978-09-25 05:31:54',19),(680,16162.00,12359.00,'2008-12-12 18:26:20',20),(681,15319.00,12076.00,'2010-07-05 01:34:31',21),(682,15850.00,15702.00,'1990-06-18 08:11:27',22),(683,19773.00,11969.00,'1981-04-27 13:44:12',23),(684,10015.00,15649.00,'2006-01-31 12:31:00',24),(685,16530.00,15466.00,'2020-06-13 09:04:03',25),(686,11646.00,13007.00,'1975-09-08 17:08:47',26),(687,15783.00,17551.00,'1993-10-21 07:29:57',27),(688,18231.00,10117.00,'2013-12-15 20:09:45',28),(689,15144.00,13278.00,'1990-03-17 05:33:17',29),(690,14814.00,19149.00,'1980-12-04 21:56:54',30),(691,15135.00,19199.00,'1982-11-11 06:00:56',1),(692,16321.00,16243.00,'1997-07-13 20:15:42',2),(693,16459.00,10460.00,'1980-02-08 13:15:12',3),(694,10916.00,13197.00,'1993-07-25 08:01:47',4),(695,10138.00,11851.00,'1972-03-09 14:36:30',5),(696,11247.00,14506.00,'1989-01-01 12:34:44',6),(697,11103.00,13158.00,'2005-06-26 00:51:04',7),(698,11367.00,11804.00,'1982-07-08 06:49:06',8),(699,17599.00,16489.00,'1999-05-09 17:11:37',9),(700,19430.00,16391.00,'2009-11-05 08:10:56',10),(701,10886.00,18446.00,'1988-11-10 08:15:47',11),(702,10867.00,18644.00,'2016-12-19 09:28:45',12),(703,17326.00,14942.00,'2000-02-14 03:14:39',13),(704,12146.00,14791.00,'2013-08-06 08:36:21',14),(705,19185.00,16129.00,'2003-03-28 05:47:41',15),(706,19094.00,13055.00,'2007-03-06 04:32:09',16),(707,16021.00,10196.00,'1974-01-01 11:43:46',17),(708,16714.00,12495.00,'2001-05-13 01:16:47',18),(709,15744.00,14799.00,'1992-02-12 17:43:51',19),(710,12018.00,19996.00,'2013-01-27 07:00:39',20),(711,16597.00,11802.00,'2021-02-02 02:39:22',21),(712,18495.00,16860.00,'1984-05-15 14:16:26',22),(713,19519.00,11258.00,'2015-08-15 20:18:12',23),(714,16932.00,17128.00,'2000-01-25 12:52:24',24),(715,10277.00,17979.00,'2004-04-19 22:36:19',25),(716,10127.00,11589.00,'1994-01-10 11:59:17',26),(717,12699.00,13418.00,'1980-10-01 03:26:30',27),(718,12833.00,11852.00,'1989-05-15 08:54:10',28),(719,15630.00,14688.00,'1973-06-14 18:05:00',29),(720,18677.00,12969.00,'2006-09-08 12:22:07',30),(721,10571.00,16640.00,'1984-04-28 08:35:17',1),(722,17510.00,17543.00,'1993-12-23 09:51:01',2),(723,13104.00,16606.00,'2006-10-12 20:55:53',3),(724,10898.00,19732.00,'2013-03-04 22:35:10',4),(725,10934.00,11638.00,'2007-12-18 03:17:39',5),(726,19055.00,11503.00,'2003-08-20 05:06:41',6),(727,15054.00,18493.00,'2015-11-01 12:52:42',7),(728,19226.00,17683.00,'2003-06-05 17:46:58',8),(729,18727.00,18772.00,'1970-02-12 00:51:16',9),(730,15444.00,16410.00,'2004-06-07 12:53:36',10),(731,15211.00,19070.00,'2015-10-17 16:07:50',11),(732,19970.00,10788.00,'1980-03-06 07:11:50',12),(733,19488.00,15806.00,'2007-01-11 21:53:24',13),(734,14910.00,19233.00,'1974-11-28 04:26:11',14),(735,16197.00,10527.00,'2021-02-16 17:25:22',15),(736,15927.00,11126.00,'1978-04-12 03:14:30',16),(737,12306.00,18058.00,'2004-04-14 21:12:29',17),(738,17875.00,16756.00,'1997-11-09 11:03:31',18),(739,19076.00,10913.00,'1971-08-31 10:19:37',19),(740,14626.00,16789.00,'1979-08-15 18:44:29',20),(741,13494.00,11299.00,'1993-03-05 08:06:44',21),(742,14972.00,12484.00,'2002-12-04 17:50:44',22),(743,17880.00,18952.00,'1977-09-13 23:57:58',23),(744,11119.00,17972.00,'2003-10-02 05:31:08',24),(745,11367.00,12683.00,'2014-01-12 17:32:59',25),(746,14329.00,15528.00,'2001-10-14 06:38:19',26),(747,17464.00,14732.00,'2015-10-29 19:51:01',27),(748,18647.00,18770.00,'2010-09-30 07:50:12',28),(749,10885.00,13442.00,'2020-05-04 15:23:47',29),(750,19561.00,14294.00,'2005-07-09 21:40:50',30),(751,14653.00,15379.00,'1987-08-20 19:40:30',1),(752,14701.00,17520.00,'2007-12-30 19:32:11',2),(753,19628.00,18546.00,'1982-09-07 09:31:46',3),(754,10673.00,18323.00,'1972-11-10 22:38:27',4),(755,11560.00,13338.00,'2009-11-19 10:45:30',5),(756,12706.00,18406.00,'2005-01-25 10:28:56',6),(757,11785.00,18695.00,'1998-08-27 22:31:31',7),(758,19463.00,17576.00,'2005-07-31 21:24:02',8),(759,12796.00,10630.00,'2007-09-05 12:54:56',9),(760,11181.00,11459.00,'2006-07-14 13:41:55',10),(761,18125.00,18532.00,'2019-06-19 16:59:03',11),(762,18401.00,12038.00,'1999-07-14 19:46:07',12),(763,12667.00,12835.00,'2016-06-23 11:58:15',13),(764,18834.00,11555.00,'1997-08-26 09:06:40',14),(765,14208.00,10569.00,'2008-09-15 10:34:59',15),(766,11133.00,17087.00,'2007-10-31 04:38:23',16),(767,15072.00,18195.00,'1976-01-04 14:10:06',17),(768,14230.00,16750.00,'1972-08-04 22:36:46',18),(769,13519.00,13772.00,'1991-07-23 13:02:08',19),(770,16544.00,14694.00,'1989-09-08 15:47:29',20),(771,17294.00,14881.00,'2020-08-16 23:49:35',21),(772,17727.00,14178.00,'1974-08-07 05:53:27',22),(773,13644.00,10496.00,'2016-07-30 06:33:43',23),(774,18742.00,16567.00,'2005-12-05 07:10:16',24),(775,11133.00,12857.00,'2011-08-30 20:51:41',25),(776,14635.00,17917.00,'2017-03-18 04:12:35',26),(777,19981.00,11130.00,'1993-04-25 05:40:51',27),(778,15821.00,13513.00,'2018-08-24 02:43:39',28),(779,16713.00,19647.00,'1981-04-29 06:44:14',29),(780,15073.00,13624.00,'1993-03-27 14:03:18',30),(781,11096.00,10711.00,'1991-06-29 03:56:34',1),(782,19166.00,16261.00,'2014-09-29 06:04:46',2),(783,15491.00,10457.00,'2014-04-28 00:02:03',3),(784,17136.00,11991.00,'1977-04-28 08:55:17',4),(785,17732.00,18439.00,'1991-02-26 11:59:28',5),(786,16691.00,14103.00,'2019-12-02 12:10:02',6),(787,13024.00,19818.00,'1996-10-14 06:19:10',7),(788,16768.00,12387.00,'1978-07-27 01:47:00',8),(789,16270.00,19014.00,'1982-09-03 05:42:39',9),(790,19676.00,14267.00,'1999-06-14 03:35:42',10),(791,17162.00,10670.00,'2004-09-15 05:21:14',11),(792,17851.00,16267.00,'1977-05-05 09:25:34',12),(793,11059.00,10944.00,'1973-11-20 08:27:59',13),(794,12407.00,11624.00,'1970-12-23 15:42:03',14),(795,16894.00,10952.00,'1995-12-29 01:47:37',15),(796,19473.00,15629.00,'1986-06-27 06:39:50',16),(797,15937.00,18385.00,'1986-10-16 07:16:37',17),(798,14751.00,11952.00,'2005-06-19 23:56:38',18),(799,18609.00,11928.00,'1976-08-08 13:09:20',19),(800,16975.00,13952.00,'2007-05-17 03:09:29',20),(801,11051.00,19948.00,'1997-09-12 09:43:39',21),(802,16933.00,15851.00,'2013-02-03 20:52:37',22),(803,13292.00,16388.00,'1972-09-21 23:33:09',23),(804,17458.00,11882.00,'1990-02-21 21:17:09',24),(805,15997.00,11112.00,'1994-08-12 17:42:22',25),(806,12961.00,19286.00,'1976-12-11 23:33:42',26),(807,17291.00,16798.00,'2000-09-25 12:58:10',27),(808,14409.00,17689.00,'2005-05-25 03:58:47',28),(809,14332.00,17872.00,'1982-11-02 22:27:09',29),(810,13758.00,19235.00,'1986-09-12 12:10:50',30),(811,12694.00,13841.00,'2019-02-16 12:05:30',1),(812,18243.00,17922.00,'1984-01-14 23:09:49',2),(813,10360.00,13552.00,'1990-12-16 23:21:24',3),(814,14800.00,16954.00,'1988-05-19 00:32:20',4),(815,17589.00,16415.00,'1981-04-26 04:28:35',5),(816,18676.00,17472.00,'1994-01-08 03:04:58',6),(817,16858.00,17573.00,'1982-05-19 15:05:51',7),(818,10821.00,10256.00,'1992-09-14 23:45:26',8),(819,17013.00,18738.00,'2011-07-08 15:27:52',9),(820,15331.00,19568.00,'2012-05-23 18:57:23',10),(821,12336.00,10738.00,'1998-04-03 04:50:26',11),(822,17893.00,19118.00,'1970-04-13 23:07:29',12),(823,16506.00,16595.00,'2010-01-27 12:17:07',13),(824,19548.00,17420.00,'1975-07-20 23:21:24',14),(825,15050.00,16057.00,'1970-11-20 16:41:08',15),(826,18285.00,16727.00,'1991-12-01 06:10:30',16),(827,17441.00,17273.00,'1980-04-04 02:37:13',17),(828,13631.00,10431.00,'2001-07-10 23:25:45',18),(829,16942.00,11942.00,'1980-09-23 17:53:31',19),(830,15967.00,11974.00,'1971-02-28 14:06:14',20),(831,12648.00,16986.00,'2010-11-30 12:50:29',21),(832,16603.00,16478.00,'1981-09-21 03:28:41',22),(833,12080.00,13936.00,'1984-10-27 21:40:08',23),(834,12489.00,16314.00,'1987-01-26 09:53:23',24),(835,17345.00,18474.00,'1992-06-20 00:55:42',25),(836,10253.00,12130.00,'2019-03-24 18:01:43',26),(837,13884.00,12520.00,'1987-10-04 20:58:16',27),(838,10320.00,15266.00,'2008-05-19 12:28:17',28),(839,18540.00,18783.00,'2009-04-30 05:34:57',29),(840,14379.00,14362.00,'1986-10-11 18:14:19',30),(841,18397.00,17618.00,'2006-11-01 09:25:18',1),(842,15650.00,12827.00,'2012-09-26 19:14:20',2),(843,18857.00,12252.00,'1981-12-16 09:53:06',3),(844,14831.00,19037.00,'1981-05-09 23:29:29',4),(845,16361.00,12503.00,'1992-05-12 23:45:20',5),(846,18927.00,11233.00,'1970-01-30 07:52:19',6),(847,19132.00,14635.00,'1971-09-15 23:00:56',7),(848,12026.00,14127.00,'1971-06-19 05:35:40',8),(849,15465.00,15220.00,'2018-06-01 18:20:50',9),(850,10382.00,10627.00,'1996-09-02 18:19:01',10),(851,11703.00,18896.00,'2007-12-04 11:10:28',11),(852,15797.00,15796.00,'1976-01-26 17:00:39',12),(853,12921.00,10136.00,'2009-07-25 16:22:50',13),(854,13231.00,15897.00,'1971-06-20 16:28:30',14),(855,12968.00,10924.00,'2012-04-15 01:03:26',15),(856,11010.00,15046.00,'1998-06-05 10:33:13',16),(857,13609.00,17146.00,'2001-11-12 16:26:59',17),(858,13002.00,15208.00,'2016-03-05 21:43:11',18),(859,12337.00,12078.00,'1980-03-14 12:34:46',19),(860,12143.00,15171.00,'1974-11-20 19:50:16',20),(861,12083.00,13020.00,'2011-02-02 00:43:07',21),(862,16178.00,16861.00,'1985-11-28 22:01:33',22),(863,15751.00,14292.00,'1981-07-25 16:48:04',23),(864,14649.00,13106.00,'1985-11-16 06:47:42',24),(865,17440.00,16602.00,'1971-08-28 04:30:30',25),(866,15428.00,11919.00,'1988-05-09 02:30:17',26),(867,16073.00,10819.00,'1973-05-11 23:58:12',27),(868,17083.00,11041.00,'2003-04-13 16:28:12',28),(869,15025.00,10354.00,'1989-06-27 13:32:09',29),(870,16235.00,18201.00,'1994-06-11 02:33:42',30),(871,19022.00,11348.00,'1995-12-23 16:50:29',1),(872,12367.00,19128.00,'2004-04-26 12:24:45',2),(873,12270.00,17487.00,'2000-01-09 22:36:01',3),(874,17498.00,13147.00,'1990-10-08 07:10:03',4),(875,15534.00,11575.00,'2007-11-12 06:33:40',5),(876,10431.00,18616.00,'1981-10-20 04:48:10',6),(877,17175.00,11115.00,'2001-12-31 19:42:54',7),(878,11477.00,10342.00,'1974-01-09 00:58:16',8),(879,10436.00,18369.00,'2005-10-04 13:07:59',9),(880,16344.00,11395.00,'1984-09-23 14:58:10',10),(881,12104.00,12132.00,'2002-12-07 11:32:26',11),(882,19444.00,14047.00,'2012-02-29 22:50:24',12),(883,15710.00,11066.00,'1975-02-16 22:47:42',13),(884,10178.00,10010.00,'1974-01-09 09:33:47',14),(885,10153.00,16287.00,'2002-11-01 13:01:07',15),(886,14137.00,11822.00,'1989-12-01 07:00:33',16),(887,14314.00,12878.00,'1972-05-02 11:22:52',17),(888,19815.00,12300.00,'1982-04-29 13:58:48',18),(889,11696.00,13695.00,'2006-12-31 03:04:15',19),(890,12483.00,19881.00,'1971-12-22 23:00:20',20),(891,19181.00,16489.00,'2020-07-01 14:20:46',21),(892,14160.00,13108.00,'2001-11-05 19:16:17',22),(893,19415.00,14615.00,'1988-05-06 18:02:58',23),(894,19042.00,10545.00,'1979-12-18 07:24:42',24),(895,12279.00,10881.00,'1995-08-17 07:38:47',25),(896,10811.00,18523.00,'1980-05-01 23:16:50',26),(897,16394.00,18102.00,'2008-02-16 09:11:23',27),(898,13887.00,15508.00,'1978-11-20 04:56:17',28),(899,10620.00,18889.00,'2018-10-18 05:17:40',29),(900,10740.00,13921.00,'2018-12-22 18:33:30',30),(901,12672.00,14418.00,'2017-01-09 08:59:35',1),(902,18097.00,12497.00,'1970-06-19 13:45:57',2),(903,12242.00,16011.00,'1988-02-27 01:14:59',3),(904,16077.00,11323.00,'1987-06-01 18:24:25',4),(905,13351.00,15629.00,'2018-12-10 08:59:34',5),(906,16109.00,16987.00,'2004-12-20 06:33:26',6),(907,18935.00,17765.00,'1977-09-17 09:06:31',7),(908,18979.00,11265.00,'1985-11-03 16:39:32',8),(909,13283.00,11303.00,'1976-05-10 12:00:16',9),(910,18376.00,17700.00,'1990-06-29 01:10:14',10),(911,16839.00,16891.00,'1975-03-12 14:18:34',11),(912,18788.00,12654.00,'2016-06-07 23:17:16',12),(913,17434.00,12590.00,'1990-07-20 23:59:29',13),(914,12921.00,19469.00,'2018-05-20 23:20:33',14),(915,17148.00,16119.00,'1972-02-27 20:44:03',15),(916,13790.00,18056.00,'2011-06-14 15:12:15',16),(917,11860.00,11674.00,'2018-12-25 11:54:32',17),(918,17865.00,16625.00,'1986-09-28 01:23:34',18),(919,18780.00,18479.00,'1987-01-21 02:02:01',19),(920,13292.00,16944.00,'2008-10-25 00:32:58',20),(921,18366.00,11230.00,'2009-10-23 22:33:30',21),(922,19701.00,13738.00,'2008-07-10 10:53:35',22),(923,19490.00,14298.00,'1995-01-04 14:52:30',23),(924,12207.00,12853.00,'2013-01-02 06:20:09',24),(925,14476.00,12795.00,'1999-05-19 23:53:32',25),(926,17291.00,10900.00,'2016-03-07 17:53:10',26),(927,16098.00,18087.00,'2015-04-21 19:52:39',27),(928,12703.00,13121.00,'1982-07-02 20:59:05',28),(929,17738.00,16275.00,'1982-04-18 23:48:08',29),(930,11147.00,18143.00,'2009-10-30 19:55:51',30),(931,18037.00,15105.00,'2007-12-08 22:32:21',1),(932,10766.00,11385.00,'2021-03-07 04:22:08',2),(933,18337.00,15081.00,'1994-03-18 06:55:58',3),(934,13225.00,16264.00,'1974-10-06 20:45:25',4),(935,19841.00,14057.00,'1994-09-14 13:14:51',5),(936,11227.00,12469.00,'2014-04-08 20:33:08',6),(937,19879.00,16611.00,'2011-04-24 23:54:26',7),(938,14666.00,10938.00,'2002-07-27 20:19:35',8),(939,14333.00,17956.00,'2021-02-02 16:49:26',9),(940,12350.00,19411.00,'1977-06-21 23:02:11',10),(941,14437.00,14670.00,'1975-09-14 07:59:25',11),(942,11429.00,15171.00,'2009-11-06 12:12:31',12),(943,16878.00,15184.00,'2001-04-10 10:37:51',13),(944,11827.00,16530.00,'1976-05-21 07:19:34',14),(945,14552.00,16089.00,'1970-01-18 21:08:18',15),(946,17610.00,12825.00,'2002-11-04 11:31:02',16),(947,18834.00,10363.00,'1991-06-25 19:22:09',17),(948,19053.00,14285.00,'2020-06-16 17:12:50',18),(949,18667.00,19413.00,'1977-11-25 02:42:19',19),(950,15011.00,17046.00,'2020-01-13 09:32:45',20),(951,10424.00,18784.00,'1983-07-01 00:17:42',21),(952,19631.00,18612.00,'2003-09-28 18:53:43',22),(953,17353.00,13420.00,'1995-11-30 10:24:51',23),(954,19745.00,10470.00,'1991-10-29 05:23:54',24),(955,11976.00,18165.00,'2008-04-16 02:25:49',25),(956,16932.00,10654.00,'2005-12-29 09:40:11',26),(957,11809.00,18479.00,'2007-06-07 01:18:03',27),(958,15825.00,15373.00,'1985-01-13 15:59:51',28),(959,13340.00,13260.00,'2016-01-12 20:01:38',29),(960,11459.00,10907.00,'1992-02-01 12:28:40',30),(961,12784.00,17667.00,'1998-05-07 21:41:22',1),(962,17696.00,12582.00,'1976-09-09 14:18:52',2),(963,10630.00,16593.00,'1985-11-29 05:26:03',3),(964,11269.00,13839.00,'1986-12-09 01:28:40',4),(965,14794.00,13078.00,'1991-06-20 22:12:24',5),(966,16893.00,12633.00,'2004-03-21 18:11:57',6),(967,13718.00,11035.00,'1977-05-05 09:21:34',7),(968,11785.00,17465.00,'2015-01-15 05:40:24',8),(969,10679.00,18342.00,'2009-11-13 01:41:15',9),(970,16346.00,11662.00,'2002-07-10 22:58:33',10),(971,17377.00,18960.00,'2007-02-01 23:52:32',11),(972,19423.00,19277.00,'1994-08-21 17:27:11',12),(973,13213.00,14174.00,'2020-10-14 03:17:38',13),(974,13504.00,13727.00,'1996-04-12 02:50:13',14),(975,14000.00,17289.00,'1993-02-18 14:44:47',15),(976,10266.00,19186.00,'1998-06-26 20:00:14',16),(977,14034.00,10164.00,'2015-10-30 06:54:19',17),(978,15149.00,13466.00,'2004-06-20 01:42:17',18),(979,16200.00,17403.00,'1999-04-27 16:19:45',19),(980,19835.00,14308.00,'1975-10-28 10:11:38',20),(981,19022.00,12266.00,'1995-06-22 10:40:27',21),(982,10727.00,13444.00,'1998-01-15 22:35:43',22),(983,19602.00,15803.00,'1997-09-18 02:23:49',23),(984,19049.00,15438.00,'1984-07-20 13:38:58',24),(985,13651.00,17305.00,'2017-09-09 23:47:52',25),(986,15917.00,15614.00,'1982-08-15 00:43:50',26),(987,12492.00,19051.00,'1990-08-31 05:36:14',27),(988,16926.00,15092.00,'2013-07-02 01:23:36',28),(989,11949.00,14010.00,'1994-11-05 09:36:59',29),(990,16586.00,11473.00,'1991-07-22 21:15:42',30),(991,12793.00,18780.00,'1984-06-10 15:18:27',1),(992,12874.00,14478.00,'1990-06-25 09:33:24',2),(993,10479.00,17317.00,'1979-11-26 23:10:56',3),(994,13500.00,18985.00,'1979-10-09 17:52:17',4),(995,10876.00,17095.00,'2012-04-20 23:07:35',5),(996,15408.00,12665.00,'1978-11-11 22:49:47',6),(997,12541.00,19148.00,'2012-04-06 08:57:56',7),(998,13012.00,19371.00,'1993-09-10 14:46:37',8),(999,12734.00,16125.00,'2015-02-11 04:47:17',9),(1000,18621.00,13661.00,'1979-01-06 06:02:48',10);
/*!40000 ALTER TABLE `future_prices` ENABLE KEYS */;
UNLOCK TABLES;

--
-- Table structure for table `futures`
--

DROP TABLE IF EXISTS `futures`;
/*!40101 SET @saved_cs_client     = @@character_set_client */;
/*!50503 SET character_set_client = utf8mb4 */;
CREATE TABLE `futures` (
  `id` int NOT NULL AUTO_INCREMENT,
  `ticker` varchar(45) NOT NULL,
  `execution_date` date NOT NULL,
  `bid_customer_margin` decimal(10,2) NOT NULL,
  `offer_customer_margin` decimal(10,2) NOT NULL,
  `settlement_type` enum('physical','cash') NOT NULL,
  `currencies_id` int NOT NULL,
  PRIMARY KEY (`id`),
  KEY `fk_futures_currencies1_idx` (`currencies_id`),
  CONSTRAINT `fk_futures_currencies1` FOREIGN KEY (`currencies_id`) REFERENCES `currencies` (`id`)
) ENGINE=InnoDB AUTO_INCREMENT=31 DEFAULT CHARSET=utf8;
/*!40101 SET character_set_client = @saved_cs_client */;

--
-- Dumping data for table `futures`
--

LOCK TABLES `futures` WRITE;
/*!40000 ALTER TABLE `futures` DISABLE KEYS */;
INSERT INTO `futures` VALUES (1,'velit','2021-06-18',0.00,0.00,'cash',1),(2,'assumenda','2021-12-06',0.00,0.00,'cash',2),(3,'ea','2021-05-02',0.00,0.00,'cash',3),(4,'quidem','2022-06-05',0.00,0.00,'cash',4),(5,'numquam','2021-06-19',0.00,0.00,'physical',5),(6,'possimus','2021-08-07',0.00,0.00,'physical',6),(7,'qui','2022-06-01',0.00,0.00,'cash',7),(8,'officia','2021-12-27',0.00,0.00,'physical',8),(9,'itaque','2021-07-02',0.00,0.00,'physical',9),(10,'sunt','2021-09-23',0.00,0.00,'cash',10),(11,'quia','2021-07-29',0.00,0.00,'cash',11),(12,'est','2021-07-03',0.00,0.00,'physical',12),(13,'quas','2021-08-11',0.00,0.00,'cash',13),(14,'laborum','2022-05-08',0.00,0.00,'physical',14),(15,'ducimus','2021-08-17',0.00,0.00,'cash',15),(16,'rerum','2021-04-06',0.00,0.00,'physical',1),(17,'earum','2021-08-12',0.00,0.00,'cash',2),(18,'reprehenderit','2021-09-22',0.00,0.00,'cash',3),(19,'sit','2021-03-23',0.00,0.00,'cash',4),(20,'id','2022-07-03',0.00,0.00,'physical',5),(21,'quis','2022-03-04',0.00,0.00,'physical',6),(22,'ipsa','2022-03-02',0.00,0.00,'cash',7),(23,'cupiditate','2021-10-05',0.00,0.00,'physical',8),(24,'dolor','2022-06-27',0.00,0.00,'physical',9),(25,'omnis','2021-11-08',0.00,0.00,'cash',10),(26,'harum','2021-12-30',0.00,0.00,'cash',11),(27,'iure','2021-11-12',0.00,0.00,'cash',12),(28,'ipsum','2022-02-21',0.00,0.00,'physical',13),(29,'voluptas','2021-03-11',0.00,0.00,'cash',14),(30,'nihil','2022-06-13',0.00,0.00,'cash',15);
/*!40000 ALTER TABLE `futures` ENABLE KEYS */;
UNLOCK TABLES;

--
-- Table structure for table `rates`
--

DROP TABLE IF EXISTS `rates`;
/*!40101 SET @saved_cs_client     = @@character_set_client */;
/*!50503 SET character_set_client = utf8mb4 */;
CREATE TABLE `rates` (
  `id` int NOT NULL AUTO_INCREMENT,
  `name` varchar(45) NOT NULL,
  PRIMARY KEY (`id`)
) ENGINE=InnoDB AUTO_INCREMENT=11 DEFAULT CHARSET=utf8;
/*!40101 SET character_set_client = @saved_cs_client */;

--
-- Dumping data for table `rates`
--

LOCK TABLES `rates` WRITE;
/*!40000 ALTER TABLE `rates` DISABLE KEYS */;
INSERT INTO `rates` VALUES (1,'blanditiis'),(2,'officiis'),(3,'rem'),(4,'sed'),(5,'ullam'),(6,'in'),(7,'maiores'),(8,'quibusdam'),(9,'incidunt'),(10,'necessitatibus');
/*!40000 ALTER TABLE `rates` ENABLE KEYS */;
UNLOCK TABLES;

--
-- Table structure for table `stock_prices`
--

DROP TABLE IF EXISTS `stock_prices`;
/*!40101 SET @saved_cs_client     = @@character_set_client */;
/*!50503 SET character_set_client = utf8mb4 */;
CREATE TABLE `stock_prices` (
  `id` bigint NOT NULL AUTO_INCREMENT,
  `bid` decimal(10,2) NOT NULL,
  `offer` decimal(10,2) NOT NULL,
  `datetime` datetime NOT NULL,
  `stocks_id` int NOT NULL,
  PRIMARY KEY (`id`),
  KEY `fk_stock_prices_stocks1_idx` (`stocks_id`),
  CONSTRAINT `fk_stock_prices_stocks1` FOREIGN KEY (`stocks_id`) REFERENCES `stocks` (`id`)
) ENGINE=InnoDB AUTO_INCREMENT=101 DEFAULT CHARSET=utf8;
/*!40101 SET character_set_client = @saved_cs_client */;

--
-- Dumping data for table `stock_prices`
--

LOCK TABLES `stock_prices` WRITE;
/*!40000 ALTER TABLE `stock_prices` DISABLE KEYS */;
INSERT INTO `stock_prices` VALUES (1,115.00,120.00,'2007-08-28 23:38:14',1),(2,141.00,143.00,'1989-05-10 21:12:45',2),(3,108.00,110.00,'1989-06-14 13:20:21',3),(4,153.00,160.00,'1980-02-22 23:15:11',4),(5,100.00,100.00,'1973-08-15 12:07:13',5),(6,160.00,168.00,'2019-08-15 12:44:40',6),(7,100.00,103.00,'2003-02-14 07:43:08',7),(8,109.00,109.00,'1980-08-30 12:39:58',8),(9,177.00,178.00,'2009-10-07 12:55:01',9),(10,106.00,114.00,'2019-12-28 01:58:54',10),(11,146.00,151.00,'1972-08-10 16:24:58',11),(12,176.00,178.00,'2015-02-13 09:23:34',12),(13,131.00,138.00,'1991-03-09 21:02:28',13),(14,126.00,134.00,'1998-01-03 08:29:54',14),(15,134.00,134.00,'1998-01-10 05:16:29',15),(16,123.00,131.00,'2015-05-13 15:27:20',16),(17,117.00,126.00,'2011-04-12 20:38:02',17),(18,123.00,123.00,'2000-09-27 18:39:46',18),(19,176.00,180.00,'2001-10-03 15:42:24',19),(20,147.00,150.00,'2007-10-14 22:30:00',20),(21,119.00,120.00,'1982-08-04 20:14:54',21),(22,168.00,175.00,'1992-02-24 20:18:56',22),(23,157.00,160.00,'1989-05-08 18:00:00',23),(24,133.00,138.00,'1979-11-23 20:27:20',24),(25,159.00,165.00,'2020-11-23 10:51:25',25),(26,164.00,171.00,'1992-07-19 21:33:46',26),(27,126.00,131.00,'2014-06-26 19:40:58',27),(28,111.00,117.00,'1973-12-28 20:15:39',28),(29,106.00,109.00,'2002-12-08 11:02:31',29),(30,144.00,144.00,'2009-11-17 09:30:57',30),(31,120.00,129.00,'1989-06-21 12:20:41',31),(32,158.00,166.00,'1995-01-03 16:22:36',32),(33,103.00,104.00,'1975-09-07 04:49:54',33),(34,107.00,110.00,'1980-03-21 00:32:39',34),(35,105.00,106.00,'1987-03-28 12:50:22',35),(36,178.00,183.00,'2007-04-15 11:41:08',36),(37,120.00,126.00,'1987-06-12 00:40:15',37),(38,109.00,112.00,'1981-05-09 12:51:46',38),(39,106.00,114.00,'1989-10-20 07:19:47',39),(40,161.00,165.00,'2000-09-30 17:22:14',40),(41,105.00,109.00,'1983-09-10 22:32:31',41),(42,109.00,118.00,'1990-08-28 08:53:09',42),(43,178.00,182.00,'1990-09-13 19:51:02',43),(44,122.00,125.00,'1970-04-16 20:48:59',44),(45,107.00,112.00,'1978-09-15 17:00:41',45),(46,146.00,151.00,'2005-12-10 01:26:50',46),(47,110.00,119.00,'1977-05-13 22:41:57',47),(48,160.00,161.00,'1980-07-26 11:45:10',48),(49,114.00,123.00,'1989-03-20 12:04:30',49),(50,106.00,110.00,'1976-08-30 21:15:17',50),(51,126.00,129.00,'1976-02-17 10:19:18',51),(52,149.00,151.00,'1995-07-31 03:07:15',52),(53,110.00,113.00,'1991-08-09 21:41:04',53),(54,102.00,111.00,'1971-04-27 02:28:52',54),(55,186.00,192.00,'1986-07-28 23:33:41',55),(56,140.00,145.00,'2008-08-22 23:13:51',56),(57,123.00,131.00,'1982-01-10 07:15:46',57),(58,106.00,112.00,'1988-04-28 15:21:12',58),(59,156.00,159.00,'2020-02-13 16:58:24',59),(60,105.00,106.00,'1993-02-03 09:06:05',60),(61,112.00,119.00,'1985-04-11 09:08:41',61),(62,133.00,133.00,'2000-03-18 16:20:32',62),(63,107.00,108.00,'2010-08-01 03:51:20',63),(64,109.00,115.00,'1999-06-26 04:48:38',64),(65,115.00,123.00,'1984-04-08 07:07:48',65),(66,134.00,134.00,'2014-12-23 22:57:00',66),(67,103.00,111.00,'1993-11-02 07:58:56',67),(68,120.00,122.00,'1979-01-24 18:20:35',68),(69,135.00,138.00,'1975-12-25 20:33:56',69),(70,167.00,170.00,'2017-07-02 02:54:22',70),(71,109.00,113.00,'1976-11-13 20:46:48',71),(72,158.00,159.00,'2012-11-09 01:38:23',72),(73,103.00,107.00,'2000-03-12 04:14:37',73),(74,104.00,113.00,'2016-07-30 03:32:09',74),(75,194.00,196.00,'2003-05-18 11:31:13',75),(76,125.00,129.00,'1985-10-22 03:38:42',76),(77,102.00,104.00,'1989-07-17 17:35:54',77),(78,118.00,120.00,'2011-08-01 23:53:03',78),(79,139.00,143.00,'2017-09-28 13:22:37',79),(80,142.00,146.00,'1970-07-07 01:28:11',80),(81,170.00,177.00,'1970-04-14 01:25:03',81),(82,189.00,195.00,'1981-12-11 23:38:32',82),(83,130.00,139.00,'1976-12-05 12:43:10',83),(84,102.00,108.00,'1970-03-23 19:25:07',84),(85,168.00,171.00,'1974-07-12 03:13:08',85),(86,180.00,187.00,'1988-08-20 04:23:45',86),(87,143.00,150.00,'1998-07-06 17:45:36',87),(88,122.00,128.00,'1976-05-26 10:33:34',88),(89,140.00,149.00,'1996-09-26 18:04:17',89),(90,133.00,142.00,'1983-12-11 05:48:20',90),(91,131.00,138.00,'1973-08-14 17:56:44',91),(92,173.00,180.00,'1991-07-05 04:04:36',92),(93,112.00,118.00,'1995-03-03 17:04:44',93),(94,131.00,139.00,'1987-06-07 09:58:45',94),(95,171.00,174.00,'1971-04-01 05:14:33',95),(96,174.00,176.00,'1980-01-18 05:24:05',96),(97,169.00,172.00,'1976-11-24 03:26:44',97),(98,122.00,131.00,'1973-12-05 06:15:36',98),(99,106.00,110.00,'2020-04-16 03:33:27',99),(100,131.00,136.00,'2001-04-11 03:00:20',100);
/*!40000 ALTER TABLE `stock_prices` ENABLE KEYS */;
UNLOCK TABLES;

--
-- Table structure for table `stocks`
--

DROP TABLE IF EXISTS `stocks`;
/*!40101 SET @saved_cs_client     = @@character_set_client */;
/*!50503 SET character_set_client = utf8mb4 */;
CREATE TABLE `stocks` (
  `id` int NOT NULL AUTO_INCREMENT,
  `ticker` varchar(45) NOT NULL COMMENT '????????????? ? ?????? ????? ?????\n??? ???????? ?????????? ? ?????????? ???? ????? ???? ?? ??????? ??? ???? ???? ? ????? ????? ? ??????? ?? ????????? ?????? ?????? ? ???????',
  `name` varchar(45) NOT NULL,
  `currencies_id` int NOT NULL,
  PRIMARY KEY (`id`),
  KEY `fk_stock_currencies1_idx` (`currencies_id`),
  CONSTRAINT `fk_stock_currencies1` FOREIGN KEY (`currencies_id`) REFERENCES `currencies` (`id`)
) ENGINE=InnoDB AUTO_INCREMENT=101 DEFAULT CHARSET=utf8;
/*!40101 SET character_set_client = @saved_cs_client */;

--
-- Dumping data for table `stocks`
--

LOCK TABLES `stocks` WRITE;
/*!40000 ALTER TABLE `stocks` DISABLE KEYS */;
INSERT INTO `stocks` VALUES (1,'in','nemo',1),(2,'possimus','magnam',2),(3,'iusto','id',3),(4,'nemo','sequi',4),(5,'sunt','dolorem',5),(6,'quidem','unde',6),(7,'ipsum','eos',7),(8,'blanditiis','totam',8),(9,'aut','vero',9),(10,'aliquam','quam',10),(11,'ratione','voluptatem',11),(12,'sed','placeat',12),(13,'omnis','rerum',13),(14,'ut','quia',14),(15,'incidunt','nisi',15),(16,'nobis','tempore',1),(17,'sit','qui',2),(18,'deleniti','earum',3),(19,'provident','dolores',4),(20,'voluptatem','aut',5),(21,'earum','aut',6),(22,'eos','et',7),(23,'placeat','eos',8),(24,'voluptates','voluptatibus',9),(25,'rerum','rerum',10),(26,'qui','et',11),(27,'deserunt','nam',12),(28,'veritatis','saepe',13),(29,'sint','esse',14),(30,'facere','corrupti',15),(31,'autem','ut',1),(32,'nihil','quidem',2),(33,'illum','eos',3),(34,'corrupti','impedit',4),(35,'ipsa','esse',5),(36,'dignissimos','sit',6),(37,'et','accusamus',7),(38,'ex','dolor',8),(39,'at','quasi',9),(40,'modi','aut',10),(41,'aliquid','quasi',11),(42,'nulla','dolore',12),(43,'expedita','aut',13),(44,'consectetur','ea',14),(45,'eum','dolorem',15),(46,'laboriosam','saepe',1),(47,'velit','veritatis',2),(48,'explicabo','aut',3),(49,'est','delectus',4),(50,'consequuntur','voluptas',5),(51,'dolore','amet',6),(52,'inventore','et',7),(53,'exercitationem','laborum',8),(54,'temporibus','et',9),(55,'minus','voluptatem',10),(56,'doloribus','nihil',11),(57,'suscipit','magnam',12),(58,'impedit','aliquid',13),(59,'quod','tempore',14),(60,'alias','rerum',15),(61,'voluptas','ut',1),(62,'similique','expedita',2),(63,'perspiciatis','molestias',3),(64,'dolores','hic',4),(65,'animi','blanditiis',5),(66,'corporis','excepturi',6),(67,'minima','perspiciatis',7),(68,'libero','ea',8),(69,'ea','vel',9),(70,'ducimus','beatae',10),(71,'enim','quis',11),(72,'natus','minus',12),(73,'nam','fugit',13),(74,'ipsam','suscipit',14),(75,'soluta','molestiae',15),(76,'odio','illum',1),(77,'quia','molestias',2),(78,'id','magnam',3),(79,'accusamus','autem',4),(80,'molestiae','quo',5),(81,'dolor','quis',6),(82,'vero','est',7),(83,'a','sunt',8),(84,'vitae','atque',9),(85,'aperiam','et',10),(86,'totam','quasi',11),(87,'doloremque','exercitationem',12),(88,'dicta','consequuntur',13),(89,'fugit','rerum',14),(90,'necessitatibus','corporis',15),(91,'vel','aut',1),(92,'sapiente','dicta',2),(93,'occaecati','non',3),(94,'recusandae','inventore',4),(95,'non','voluptas',5),(96,'facilis','vel',6),(97,'fugiat','rerum',7),(98,'quas','non',8),(99,'quibusdam','eum',9),(100,'dolorem','autem',10);
/*!40000 ALTER TABLE `stocks` ENABLE KEYS */;
UNLOCK TABLES;

--
-- Table structure for table `stocks_accounts`
--

DROP TABLE IF EXISTS `stocks_accounts`;
/*!40101 SET @saved_cs_client     = @@character_set_client */;
/*!50503 SET character_set_client = utf8mb4 */;
CREATE TABLE `stocks_accounts` (
  `accounts_id` int NOT NULL,
  `stocks_id` int NOT NULL,
  `amount` int NOT NULL,
  PRIMARY KEY (`accounts_id`,`stocks_id`),
  KEY `fk_stocks_accounts_accounts1_idx` (`accounts_id`),
  KEY `fk_stocks_accounts_stocks1_idx` (`stocks_id`),
  CONSTRAINT `fk_stocks_accounts_accounts1` FOREIGN KEY (`accounts_id`) REFERENCES `accounts` (`id`),
  CONSTRAINT `fk_stocks_accounts_stocks1` FOREIGN KEY (`stocks_id`) REFERENCES `stocks` (`id`)
) ENGINE=InnoDB DEFAULT CHARSET=utf8;
/*!40101 SET character_set_client = @saved_cs_client */;

--
-- Dumping data for table `stocks_accounts`
--

LOCK TABLES `stocks_accounts` WRITE;
/*!40000 ALTER TABLE `stocks_accounts` DISABLE KEYS */;
INSERT INTO `stocks_accounts` VALUES (1,1,387),(2,2,291),(3,3,297),(4,4,610),(5,5,162),(6,6,980),(7,7,413),(8,8,124),(9,9,384),(10,10,547),(11,11,585),(12,12,282),(13,13,659),(14,14,447),(15,15,258),(16,16,950),(17,17,977),(18,18,33),(19,19,237),(20,20,88),(21,21,726),(22,22,370),(23,23,670),(24,24,243),(25,25,203),(26,26,287),(27,27,828),(28,28,280),(29,29,914),(30,30,734),(31,31,925),(32,32,427),(33,33,358),(34,34,509),(35,35,473),(36,36,839),(37,37,778),(38,38,372),(39,39,525),(40,40,509),(41,41,973),(42,42,337),(43,43,765),(44,44,817),(45,45,792),(46,46,506),(47,47,158),(48,48,270),(49,49,876),(50,50,569),(51,51,221),(52,52,396),(53,53,320),(54,54,413),(55,55,103),(56,56,278),(57,57,79),(58,58,565),(59,59,587),(60,60,242),(61,61,449),(62,62,519),(63,63,248),(64,64,685),(65,65,679),(66,66,341),(67,67,669),(68,68,321),(69,69,600),(70,70,35),(71,71,379),(72,72,789),(73,73,809),(74,74,678),(75,75,962),(76,76,780),(77,77,11),(78,78,716),(79,79,549),(80,80,597),(81,81,338),(82,82,899),(83,83,484),(84,84,723),(85,85,163),(86,86,645),(87,87,736),(88,88,748),(89,89,531),(90,90,412),(91,91,467),(92,92,99),(93,93,96),(94,94,184),(95,95,633),(96,96,614),(97,97,168),(98,98,2),(99,99,506),(100,100,523);
/*!40000 ALTER TABLE `stocks_accounts` ENABLE KEYS */;
UNLOCK TABLES;

--
-- Table structure for table `users`
--

DROP TABLE IF EXISTS `users`;
/*!40101 SET @saved_cs_client     = @@character_set_client */;
/*!50503 SET character_set_client = utf8mb4 */;
CREATE TABLE `users` (
  `id` int NOT NULL AUTO_INCREMENT,
  `first_name` varchar(45) NOT NULL,
  `last_name` varchar(45) NOT NULL,
  `phone` bigint NOT NULL,
  `login` varchar(20) NOT NULL,
  `password_hash` varchar(45) NOT NULL,
  `created_at` date NOT NULL,
  `status` enum('not-qualified','qualified') NOT NULL,
  `rates_id` int NOT NULL,
  PRIMARY KEY (`id`),
  KEY `fk_users_rates1_idx` (`rates_id`),
  CONSTRAINT `fk_users_rates1` FOREIGN KEY (`rates_id`) REFERENCES `rates` (`id`)
) ENGINE=InnoDB AUTO_INCREMENT=101 DEFAULT CHARSET=utf8;
/*!40101 SET character_set_client = @saved_cs_client */;

--
-- Dumping data for table `users`
--

LOCK TABLES `users` WRITE;
/*!40000 ALTER TABLE `users` DISABLE KEYS */;
INSERT INTO `users` VALUES (1,'Celestino','Terry',5730899870,'506462835','1c8e20040a814ecd8e1d4d5233770b81454a031b','2020-08-27','qualified',1),(2,'Ahmed','Hintz',4084003926,'1538422463','0ae06f94e875b0200db0f59029bffe4a68090389','2016-02-27','qualified',2),(3,'Bradly','Rath',6199434716,'627344336','8ad40c98eaaa00545cb3f964545ebd7d113c41f5','2019-07-14','not-qualified',3),(4,'Moshe','Cremin',5127207105,'1511891350','bdd09baa8cd8d1987101ed157452abb5e6b7f4a1','2017-01-21','not-qualified',4),(5,'Grover','Schuppe',9347488270,'669363269','5008f6d0911e8afaa262d7afd62f40e3fd7fef43','2016-06-10','not-qualified',5),(6,'Amos','Adams',8386202822,'754866974','f8e6546ba84d3d449698324491caffc63c52aec2','2020-10-17','not-qualified',6),(7,'Vivien','Schiller',313490252,'1035117732','c6f0eb679daa7b8726790586e67a2835e384e351','2017-01-14','qualified',7),(8,'Jewell','Crona',315057421,'1487356430','dba9ed18c1688b83a0ec1869aac40b3ebdcdab12','2018-01-16','not-qualified',8),(9,'Virgie','Emmerich',1518152351,'967329717','0f5f13c0474978f8aef56e97b875b4882f18592d','2017-11-30','qualified',9),(10,'Eino','Brown',8561665290,'146795380','e501d0a5283303b89ce98f86f0ab118f472ede49','2019-09-20','qualified',10),(11,'Rene','Kuhic',1670412267,'891275837','07b9e0bee69ed5dc93c3bb6d1e3a335fead69c90','2018-03-11','not-qualified',1),(12,'Haley','Jacobi',2456406159,'1226789158','ab973646167b092c31d440e8d06c76ab75020e10','2016-01-29','not-qualified',2),(13,'Brenna','Stoltenberg',2727579167,'1204232660','120297c2604c80e447261376382e7633a938502e','2021-01-21','not-qualified',3),(14,'Newell','Cremin',2845906298,'815692826','81d2622fedceee2ee03c53dac2e284cb6a7d3b76','2019-06-08','qualified',4),(15,'Olen','Hermann',7070173607,'994779390','ef0f7c6eafd00f3fb42c18ec6613b0ac8b00beb4','2018-04-13','qualified',5),(16,'Zora','Orn',97189382,'1469497803','ee5bce98d5aa50964914f252ff633bbe266c8815','2017-05-22','not-qualified',6),(17,'Sterling','Robel',4866111716,'301295275','bbb2887e075fefcb41cc4b9de6b09ec90f60683d','2016-05-22','qualified',7),(18,'Marielle','Osinski',6958396774,'461887310','61b4b2c8db4d432fe7eea0926cfd53f903ee446a','2019-07-18','not-qualified',8),(19,'Richie','Glover',6623328528,'949866070','b5135b1bb9e245375175d11afe852be947e5c39e','2016-05-26','qualified',9),(20,'Augustus','Conroy',4161811298,'730011823','ecd38bc5386c92832e2e01a1c91b77fa337d0b51','2018-08-11','qualified',10),(21,'Elbert','Wisoky',7934887153,'540278259','bb18d9a13125ff74df79e6ca7f35ca84faec18a0','2017-03-10','not-qualified',1),(22,'Karson','Morissette',5162485744,'1155640532','d52f252c54a004a674291a5821628d1a73c5724f','2019-11-14','qualified',2),(23,'Armando','Parisian',2326050624,'573946963','a52a63bc3021542ede62caa7eec4d1837cc3c1ec','2021-02-11','qualified',3),(24,'Braeden','Paucek',7287469268,'1098167029','eb950e1020c9c276a1cdbc9f4c2360c0b87fabfc','2019-04-21','qualified',4),(25,'Jessica','Smitham',2541560372,'787278501','c02f808ea2c1376bc21a1669f9a6d63fbbc11710','2017-06-13','not-qualified',5),(26,'Constantin','Runolfsson',7225270452,'805636840','62a63541121abaa0d1f54508829060de1470c031','2019-02-05','qualified',6),(27,'Dortha','Koepp',8277262588,'1023900987','461ee9fdb32a295b0a19963dec21458593db066c','2016-06-24','qualified',7),(28,'Elias','Haag',6183790452,'8999827','5d7f077fc4595be9bdaab198a0d16fc39057f28a','2020-05-03','qualified',8),(29,'Leola','Shanahan',5615483503,'830192012','aa5625f49fd8e02eeffa430c0cff502639a58d82','2020-02-09','not-qualified',9),(30,'Myrna','Windler',5863239681,'1365756319','01f47ef35bc129dd5eb7c79ef0ec8216dc6c0501','2018-05-04','not-qualified',10),(31,'Lisa','Hane',6571458629,'397222510','ec577446f195e674cc5d4423c7b4b2802a59add7','2021-02-18','qualified',1),(32,'Archibald','Nolan',4928671414,'1235488148','077ec3b36dd24aa0fd2038ae7cc43a310fd1b308','2018-07-04','qualified',2),(33,'Noemi','Streich',8006846467,'424284650','55c882f9bdf62da65d5199652021c34def17896c','2018-11-20','not-qualified',3),(34,'Lonie','Brakus',495979422,'495945578','ce478407a4719b66801993e990aecbcea9940332','2017-09-23','not-qualified',4),(35,'Cydney','Hintz',3776417644,'265468331','6be1240ddecb61c715ee3f5d4c80ee00b35e3fdf','2016-04-08','qualified',5),(36,'Josianne','O\'Hara',1573186181,'1328701389','5e3461eeb7a6a1c890c4f0c8ed8c611ee024d1d6','2017-12-03','qualified',6),(37,'Sigurd','Feeney',444510099,'766494480','fc13638d2831f65180353332253f461aa1045e42','2019-08-13','not-qualified',7),(38,'Cydney','Blick',3978779013,'476842574','bd546916e0f95153820b9f42ad97f0d101720d9c','2017-08-21','qualified',8),(39,'Javonte','Shields',7567352340,'875369865','200769634bbe425d654b150571a257fd70d77ac6','2019-02-08','not-qualified',9),(40,'Fredy','Rogahn',2756814872,'363432358','8c2accc497608592647dc5391443d165c514cf09','2015-12-14','qualified',10),(41,'Martina','Price',8138115974,'501756482','38538305dc7c0b8bbb7492949b88b131c8eacb36','2017-09-03','qualified',1),(42,'Bernardo','Bode',2270913845,'385866037','0a2a605fe3475f1d910bd6b8884305c68e594ab4','2019-05-01','not-qualified',2),(43,'Triston','Trantow',6928932247,'1499785493','9f3bb4fb7c3db5e298928ab58b0e3f1c4ad1238c','2016-12-15','qualified',3),(44,'Marion','Willms',5688393227,'1609824441','8b7cd46cc0b122197a0715b6be4797c6f0b36f9f','2016-07-23','qualified',4),(45,'Mae','Schinner',1645611240,'1564396594','51e09f548b8bfeb1f8bd78dcc8e0aeb25df36e3c','2016-03-18','qualified',5),(46,'Ryan','Swift',3535058433,'24177035','289d545d6a4433f8a2d94bcf5f14791639fdb636','2021-02-21','qualified',6),(47,'Maximus','Hermann',4034161148,'1064254597','b3f0b4eb2aa0e31166cdf4b596b6b5b81253916e','2019-06-18','not-qualified',7),(48,'Cecil','Morissette',7267255317,'346850386','e8f0a8df4481e9c7bf63df176bec1014f964082c','2018-02-27','not-qualified',8),(49,'Penelope','Kohler',4560158899,'529057973','cdd817e2724e3ec89cfcbf2dda927548c2f2bf69','2016-09-13','qualified',9),(50,'Alisha','Barton',7206727047,'1099629145','4f5e7b1a8d6d147732d1ecbef4ca751bdbe8ac61','2018-10-14','qualified',10),(51,'Arch','Runte',7142921253,'1459101269','b1309c5c8dba928e33a169517eafa40d39f535de','2017-02-27','not-qualified',1),(52,'Enos','Johns',358532168,'1188919204','bc5bd5aba6c63151e95507c50ec2f0a258c87bc7','2019-03-16','qualified',2),(53,'Dave','Herman',7676671692,'72900410','0f5cf865f379b735f30fed5450beffe3aa6eee13','2017-11-16','qualified',3),(54,'Melisa','Gutkowski',9401477421,'851235775','e530c2ff896906a994fd383eb1a3bdb88c1e0240','2016-01-21','qualified',4),(55,'Edd','Bins',1755903582,'83455809','0f69c0be36567b6587085ac9534e7c6d78d5fe48','2016-05-27','qualified',5),(56,'Reed','Greenholt',5023961681,'1206012880','d697a79ee0223a20a39d55b839636e13fe3331f8','2018-02-21','qualified',6),(57,'Mack','Schinner',2150633218,'1587273496','4831d0705c3d24d2344ad00be0652f8c694ac550','2020-04-22','qualified',7),(58,'Scottie','Schultz',1301974211,'123954082','2085421d649e67d5992c63fadd099614b37ab5c5','2020-06-12','not-qualified',8),(59,'Tommie','Barton',3880480434,'577415124','cd80acd1d545c81a67d9c61758d0a19770cd0afe','2020-02-14','qualified',9),(60,'Gilda','Cremin',7868182086,'1200686765','5161cea35fbe60f56488ca8fa34994108d7db9c6','2018-01-29','not-qualified',10),(61,'Gerardo','Schumm',9122025133,'769203081','8844902be4a34925098f404f92cd10ce0095ad5a','2019-10-15','qualified',1),(62,'Alfonso','Schmeler',4538675961,'1581386824','1fb8957aa5318b5342922ece83ec3ff9717c8c98','2018-01-15','not-qualified',2),(63,'Jerad','Gleason',5333095621,'731080109','78204803c20a50b18feadc8ee29ff80728b37a32','2020-08-05','not-qualified',3),(64,'Deanna','Boehm',8389335763,'1072306769','08c0b83aaf519b773ff9bda47f7bda043027e43b','2016-09-17','not-qualified',4),(65,'Magdalen','Kshlerin',7163019366,'336659068','0dbe073451e02e8e6c33c4c666f549ee0901fa71','2017-01-05','not-qualified',5),(66,'Irwin','Pouros',1632235418,'1374454329','20c6fa588d1351dd551a0529051df5c831f80c11','2019-03-19','not-qualified',6),(67,'Kiarra','O\'Hara',2852448783,'1221725626','57afe64c9400307a1a8ecceb75e4fad3dea54077','2018-05-13','qualified',7),(68,'Don','Schneider',4284026711,'756094072','7afcaefa702f774b5cc28627cfdf78d2b3024c8b','2018-06-16','qualified',8),(69,'Alexandra','Muller',3079374786,'1059796966','f00e946ddddd6a3b7b811aaf0c8a7cb9634c9e44','2016-01-05','not-qualified',9),(70,'Georgianna','Larkin',5811529411,'1383902392','bb3854c401de3466d667834c83cda92ede34e451','2019-12-02','qualified',10),(71,'Sherwood','D\'Amore',3724161223,'1476683561','3b75b6988a5a99ab319def649166f72d7e90f9b8','2019-06-03','not-qualified',1),(72,'Adaline','Herman',8647113041,'333048843','d5db8d7c0a2d369d9606aba9c5531c8d7d02bcae','2016-02-26','qualified',2),(73,'Timothy','Mills',5005161012,'762820466','1054e3e8e57a592c92357f6d042935a90623ce42','2017-10-01','qualified',3),(74,'Lonzo','Grant',9561954746,'1377533768','22b44a1425b7c76ee9f8a3ffce9bbfb192cd8ee6','2019-02-05','not-qualified',4),(75,'Marianne','Heaney',6421514581,'1173883999','368681bcc9ca6c8cb1cc0289f3afa9e7ecbee04d','2021-01-16','not-qualified',5),(76,'Twila','Hoppe',2486105686,'583443833','291cfaa5423c04d1602c8ad48a9153c2b9a92b27','2015-10-14','not-qualified',6),(77,'Durward','Daniel',9290011627,'569695896','2fab4d4a0f4eb0c0741ef0985f0abf2d4f05ed23','2016-07-04','qualified',7),(78,'Torrey','Cruickshank',7437886246,'1294665616','ad6b1a4e667f33a84f8e2e73ae1e474557da5486','2019-06-21','qualified',8),(79,'Loren','Treutel',1716111940,'251899971','8725fbc06a56daf2e29754815aea3766b8a6f858','2021-02-27','qualified',9),(80,'Candice','Conroy',5854477942,'103068162','83e236c8780edd59e3e62cc94002cbc3ca4e0d06','2020-09-21','not-qualified',10),(81,'Tyshawn','Pfannerstill',9085872867,'971097766','68ac07378b81d735c9fe4475409d823f53424e91','2018-12-10','not-qualified',1),(82,'Hollie','Rogahn',7615608773,'1576720341','d76a426f2f3838d07064ec953542b27db575804c','2016-10-30','qualified',2),(83,'Douglas','Senger',1677430914,'931036570','b33302af8e0cb2868e87a023f350f2d3528cf7e1','2017-01-30','not-qualified',3),(84,'Telly','Rempel',3727530152,'181327255','bec18c73482a2b6d5e2b7b9a7992792d7d46472b','2019-03-16','not-qualified',4),(85,'Jaden','Stroman',4411680302,'1488140825','ab58a535a9d14fa1ac7a7dd6871b1e01d9eb4c6c','2018-02-09','not-qualified',5),(86,'Rebekah','Homenick',5101970890,'1582916424','1b622880fb0e6337bae3946299cb7e838a131000','2017-03-19','qualified',6),(87,'Athena','Marquardt',1273689125,'1147967078','a9b9e4d0c39681eefb7e3c7fc630f417030da1bb','2016-01-11','not-qualified',7),(88,'Berenice','Jaskolski',6539820730,'1214827259','5d48e684f9a47777a538f4908442cb7807e80eaa','2018-04-08','not-qualified',8),(89,'Golda','Hand',6584613951,'961501587','1cfbb6cfc2325f2645af6c1cbeb4a8303d4cabca','2016-07-30','not-qualified',9),(90,'Mckenna','Kuvalis',9810363217,'951150946','4bd496df96cdb299e7b71a2a3d3cbf345d0e3f26','2017-11-09','qualified',10),(91,'Lue','Koss',3527895254,'889136598','e6aa3fa52c85549347184c5a56a6a048e57d586c','2018-05-10','qualified',1),(92,'Tyrique','Eichmann',3351938948,'1580273183','926ee833eef94a9bb7c50889d5e45e97950bd901','2017-01-04','qualified',2),(93,'Jayce','Lind',7388281011,'280740661','5040fc5171fef69cf77555a592f613d15673ba6c','2019-10-04','not-qualified',3),(94,'Lisandro','Maggio',8963221255,'1147377038','582a5e32c664dbd99576627985c41e9b485c1573','2021-02-02','not-qualified',4),(95,'Lamar','Pfeffer',2466986444,'542954523','9d95c202e52ae45356361d08ea598c04f1af2121','2019-07-05','not-qualified',5),(96,'Pamela','Wisozk',5086485571,'1471570226','45d1cf1d809cd9a7307bf925342710a7ce772fa3','2018-07-23','qualified',6),(97,'Eldridge','Stracke',2907233769,'1166588849','0078bfddcb88afb4a7736755da63ca5c7fbcdb71','2018-07-21','qualified',7),(98,'Jovanny','Larkin',3701861938,'844872518','e9a857948cf93863d9cb44f36a5a5b00edaba762','2015-11-23','qualified',8),(99,'Sherman','McGlynn',2424821699,'44323790','72c1c93a541e29c238de5cb3a9d81a8ff359d86b','2019-01-21','qualified',9),(100,'Sophie','Rodriguez',4504186580,'566671025','6cba01397921120a8732dcafc2546caed2b62570','2020-12-05','not-qualified',10);
/*!40000 ALTER TABLE `users` ENABLE KEYS */;
UNLOCK TABLES;
/*!40103 SET TIME_ZONE=@OLD_TIME_ZONE */;

/*!40101 SET SQL_MODE=@OLD_SQL_MODE */;
/*!40014 SET FOREIGN_KEY_CHECKS=@OLD_FOREIGN_KEY_CHECKS */;
/*!40014 SET UNIQUE_CHECKS=@OLD_UNIQUE_CHECKS */;
/*!40101 SET CHARACTER_SET_CLIENT=@OLD_CHARACTER_SET_CLIENT */;
/*!40101 SET CHARACTER_SET_RESULTS=@OLD_CHARACTER_SET_RESULTS */;
/*!40101 SET COLLATION_CONNECTION=@OLD_COLLATION_CONNECTION */;
/*!40111 SET SQL_NOTES=@OLD_SQL_NOTES */;

-- Dump completed on 2021-03-10 18:20:55
